Unnamed: 0,Sample_Date,Image_Date,Time_Sample,Image_Hour,Station_Sample,Parameter,Value,Unit,Depth,Depth_Unit,Local_Name,Location_Type,Lat,Lon,Country,Organization_Data,Hemisphere,Season,Source_Domain,Diff_Date,BAND_1,BAND_2,BAND_3,BAND_4,BAND_5,BAND_6,BAND_7,BAND_8,BAND_8A,BAND_9,BAND_11,BAND_12,MSK_CLDPRB,MSK_SNOW,QA60,CLDYPXPER,DRK_FEA_PE,NDWI,NBSI,Water_Check,Snow_Check,Scene_Class,geometry
4206,08/04/2020,06/04/2020,09:05,13:12:41,ACLA00500,Chlorophyll,0.56,ug/l,0,m,ReservatÃƒÂ³rio ÃƒÂguas C,Reservoir,-233.978,-466.583,Brazil,Cetesb,South,Autumn,Brazil,2,164,218,312,148,151,190,202,187,251,774,268,158,0,0,0,16.476,0.4935,0.250501002,-12.086.362.051.282.000,Water_Surface,No_Snow,Dark Area,POINT (-46.65833333333333 -23.397777777777776)
5023,05/02/2019,06/02/2019,12:40,13:12:49,TGDE00900,Chlorophyll,0.56,ug/l,0,m,ReservatÃƒÂ³rio de Tanque Grande,Reservoir,-233.772,-464.597,Brazil,Cetesb,South,Summer,Brazil,1,8961,9084,8316,7832,7938,7316,7249,7180,6953,14570,3479,3111,100,0,1024,978.317,0.0011,0.073309241,-0.974542216,Humidity,No_Snow,Clouds High,POINT (-46.45972222222223 -23.377222222222223)
4705,31/07/2019,31/07/2019,12:15,13:12:51,TGDE00900,Chlorophyll,0.56,ug/l,0,m,ReservatÃƒÂ³rio de Tanque Grande,Reservoir,-233.772,-464.597,Brazil,Cetesb,South,Winter,Brazil,0,209,118,268,156,581,2012,2579,2555,2756,2514,1235,511,0,0,0,6.323,12.245,-0.810131066,-2.363.270.925.373.130,Drought,No_Snow,Vegetation,POINT (-46.45972222222223 -23.377222222222223)
4715,25/07/2019,26/07/2019,11:42,13:12:49,ACLA00500,Chlorophyll,0.56,ug/l,0,m,ReservatÃƒÂ³rio ÃƒÂguas C,Reservoir,-233.978,-466.583,Brazil,Cetesb,South,Winter,Brazil,1,183,334,413,174,140,99,132,133,168,526,159,92,0,0,0,147.937,13.666,0.512820513,-10.214.569.975.786.900,Water_Surface,No_Snow,Water,POINT (-46.65833333333333 -23.397777777777776)
4823,25/06/2019,25/06/2019,09:10,13:42:19,ISOL02995,Chlorophyll,0.56,ug/l,0,m,ReservatÃƒÂ³rio de Ilha Solteira,Reservoir,-203.764,-51.375,Brazil,Cetesb,South,Winter,Brazil,0,184,310,361,147,117,96,109,96,81,84,95,81,0,0,0,0.0096,0.1549,0.579868709,-10.708.584.930.747.900,Water_Surface,No_Snow,Water,POINT (-51.375 -20.37638888888889)
4306,06/02/2020,06/02/2020,09:00,13:12:31,ACLA00500,Chlorophyll,0.56,ug/l,0,m,ReservatÃƒÂ³rio ÃƒÂguas C,Reservoir,-233.978,-466.583,Brazil,Cetesb,South,Summer,Brazil,0,616,670,801,477,607,675,844,614,965,1477,782,461,0,0,1024,94.05,0.0169,0.132155477,-14.220.730.187.265.900,Humidity,No_Snow,Dark Area,POINT (-46.65833333333333 -23.397777777777776)
4744,18/07/2019,16/07/2019,13:40,13:12:49,CAMO00900,Chlorophyll,0.56,ug/l,0,m,ReservatÃƒÂ³rio Capivari-Monos,Reservoir,-239.225,-467.294,Brazil,Cetesb,South,Winter,Brazil,2,9224,8862,8245,7718,7830,7595,7570,7988,7379,8707,4987,3465,100,0,1024,872.601,0.0341,0.015831947,-11.315.519.320.800.400,Humidity,No_Snow,Clouds High,POINT (-46.72944444444445 -23.9225)
5029,31/01/2019,01/02/2019,12:50,13:12:41,PEBA00900,Chlorophyll,0.58,ug/l,0,m,ReservatÃƒÂ³rio TaiaÃƒÂ§,Reservoir,-235.786,-462.781,Brazil,Cetesb,South,Summer,Brazil,1,737,744,777,714,788,865,887,965,893,2179,597,500,0,0,2048,165.363,0.3123,-0.107921929,-15.723.136.010.296.000,Drought,No_Snow,Cirrus,POINT (-46.278055555555554 -23.578611111111112)
4028,30/06/2020,30/06/2020,11:21,13:12:49,RGDE02030,Chlorophyll,0.76,ug/l,0,m,ReservatÃƒÂ³rio do Rio Grande,Reservoir,-237.417,-464.164,Brazil,Cetesb,South,Winter,Brazil,0,2609,2780,2772,2357,2523,2707,2758,3045,2653,8676,1869,1630,66,0,2048,748.588,15.041,-0.046931408,-14.835.450.909.090.900,Drought,No_Snow,Clouds Medim,POINT (-46.41638888888889 -23.741666666666667)
4678,13/08/2019,11/08/2019,09:00,13:32:29,ISOL02995,Chlorophyll,0.8,ug/l,0,m,ReservatÃƒÂ³rio de Ilha Solteira,Reservoir,-203.764,-51.375,Brazil,Cetesb,South,Winter,Brazil,2,216,324,325,149,127,125,98,116,109,111,103,77,0,0,0,0.0096,0.3605,0.473922902,-1.222.906.153.846.150,Water_Surface,No_Snow,Water,POINT (-51.375 -20.37638888888889)
4405,28/11/2019,28/11/2019,11:00,13:12:41,ACLA00500,Chlorophyll,0.8,ug/l,0,m,ReservatÃƒÂ³rio ÃƒÂguas C,Reservoir,-233.978,-466.583,Brazil,Cetesb,South,Spring,Brazil,0,10863,9810,9320,8818,8565,8642,8875,8610,8949,2378,6123,4389,100,0,1024,999.478,0,0.039598438,-11.728.698.540.772.500,Humidity,No_Snow,Clouds High,POINT (-46.65833333333333 -23.397777777777776)
4836,02/06/2019,01/06/2019,09:35,13:12:51,MOCA02990,Chlorophyll,1,ug/l,0,m,ReservatÃƒÂ³rio Cachoeira de Cima,Reservoir,-223.783,-468.997,Brazil,Cetesb,South,Autumn,Brazil,1,564,690,954,882,1378,2575,2929,3075,3202,2946,2159,1311,0,0,0,399.241,0.3863,-0.526433358,-213.658.827.672.956,Drought,No_Snow,Vegetation,POINT (-46.89972222222222 -22.37833333333333)
5006,14/02/2019,14/02/2019,11:45,13:22:31,JURU02500,Chlorophyll,1.07,ug/l,0,m,ReservatÃƒÂ³rio Jurumirim,Reservoir,-232.608,-490.011,Brazil,Cetesb,South,Summer,Brazil,0,11005,10154,9428,8836,9480,8583,8109,8278,7864,15871,5378,3604,100,0,1024,954.449,0.0002,0.064949735,-1.041.558.258.803.560,Humidity,No_Snow,Clouds High,POINT (-49.00111111111111 -23.26083333333333)
4877,15/05/2019,13/05/2019,09:00,13:32:39,RPRE02200,Chlorophyll,1.1,ug/l,0,m,ReservatÃƒÂ³rio do Rio Preto,Reservoir,-208.094,-493.761,Brazil,Cetesb,South,Autumn,Brazil,2,722,1027,1298,1595,1872,1776,1867,1696,1901,1904,2059,2095,3,0,0,0.0352,0.234,-0.132932532,-24.459.348.289.676.400,Drought,No_Snow,Bare Soils,POINT (-49.37611111111112 -20.809444444444445)
4480,12/10/2019,10/10/2019,09:00,13:32:29,ISOL02995,Chlorophyll,1.22,ug/l,0,m,ReservatÃƒÂ³rio de Ilha Solteira,Reservoir,-203.764,-51.375,Brazil,Cetesb,South,Spring,Brazil,2,439,479,464,339,345,320,332,318,347,627,299,263,0,0,0,339.779,0.708,0.186700767,-15.886.819.310.344.800,Humidity,No_Snow,Water,POINT (-51.375 -20.37638888888889)
5002,19/02/2019,17/02/2019,09:05,13:32:21,ISOL02995,Chlorophyll,1.27,ug/l,0,m,ReservatÃƒÂ³rio de Ilha Solteira,Reservoir,-203.764,-51.375,Brazil,Cetesb,South,Summer,Brazil,2,2433,2647,2435,2091,2229,2345,2246,2874,2045,6586,2061,1629,47,0,0,204.392,0.5941,-0.082689772,-16.957.574.948.665.200,Drought,No_Snow,Clouds Medim,POINT (-51.375 -20.37638888888889)
4767,16/07/2019,17/07/2019,10:40,13:32:31,TITR02800,Chlorophyll,1.34,ug/l,0,m,ReservatÃƒÂ³rio de TrÃƒÂªs Ir,Reservoir,-206.597,-511.467,Brazil,Cetesb,South,Winter,Brazil,1,112,128,170,83,86,57,53,60,55,28,28,37,0,0,0,282.985,0.9511,0.47826087,-0.962120235,Water_Surface,No_Snow,Water,POINT (-51.14666666666667 -20.65972222222222)
5010,13/02/2019,11/02/2019,10:45,13:12:41,JAGJ00900,Chlorophyll,1.5,ug/l,0,m,ReservatÃƒÂ³rio do Jaguari - UGRHI 02,Reservoir,-231.936,-460.275,Brazil,Cetesb,South,Summer,Brazil,2,434,467,610,233,197,161,178,156,165,375,160,132,0,0,0,331.652,0.8794,0.592689295,-0.962003213,Water_Surface,No_Snow,Water,POINT (-46.0275 -23.19361111111111)
4674,14/08/2019,15/08/2019,09:50,13:12:49,JAGJ00900,Chlorophyll,1.5,ug/l,0,m,ReservatÃƒÂ³rio do Jaguari - UGRHI 02,Reservoir,-231.936,-460.275,Brazil,Cetesb,South,Winter,Brazil,1,477,1079,1089,973,975,1073,1061,1412,1014,515,1220,1005,1,0,0,31.913,19.231,-0.129148341,-19.106.182.773.186.400,Drought,No_Snow,Water,POINT (-46.0275 -23.19361111111111)
4215,02/04/2020,01/04/2020,10:30,13:12:39,JAGJ00900,Chlorophyll,1.5,ug/l,0,m,ReservatÃƒÂ³rio do Jaguari - UGRHI 02,Reservoir,-231.936,-460.275,Brazil,Cetesb,South,Autumn,Brazil,1,8634,9184,8722,8382,8707,8246,8118,8119,7925,9858,7102,6205,100,0,1024,283.451,0.6518,0.035805475,-15.665.609.016.280.600,Humidity,No_Snow,Clouds High,POINT (-46.0275 -23.19361111111111)
4333,14/01/2020,13/01/2020,09:00,13:32:21,ISOL02995,Chlorophyll,1.53,ug/l,0,m,ReservatÃƒÂ³rio de Ilha Solteira,Reservoir,-203.764,-51.375,Brazil,Cetesb,South,Summer,Brazil,1,202,131,134,13,3,21,57,1,105,213,122,146,0,0,0,348.323,0.1726,0.985185185,-2.074.036.179.104.470,Water_Surface,No_Snow,Water,POINT (-51.375 -20.37638888888889)
4921,06/05/2019,05/05/2019,15:25,13:22:41,MOCA02990,Chlorophyll,1.6,ug/l,0,m,ReservatÃƒÂ³rio Cachoeira de Cima,Reservoir,-223.783,-468.997,Brazil,Cetesb,South,Autumn,Brazil,1,239,218,401,244,692,2411,2985,3213,3446,2911,1479,653,0,0,0,296.738,0.6225,-0.778085224,-2.181.081.825.436.400,Drought,No_Snow,Vegetation,POINT (-46.89972222222222 -22.37833333333333)
4212,02/04/2020,01/04/2020,11:18,13:12:39,ACLA00500,Chlorophyll,1.6,ug/l,0,m,ReservatÃƒÂ³rio ÃƒÂguas C,Reservoir,-233.978,-466.583,Brazil,Cetesb,South,Autumn,Brazil,1,454,491,523,287,323,397,400,354,453,1017,449,307,0,0,0,283.451,0.6518,0.192702395,-1.528.808.619.502.860,Humidity,No_Snow,Cloud Shadows,POINT (-46.65833333333333 -23.397777777777776)
3950,19/08/2020,19/08/2020,10:58,13:12:49,RGDE02030,Chlorophyll,1.6,ug/l,0,m,ReservatÃƒÂ³rio do Rio Grande,Reservoir,-237.417,-464.164,Brazil,Cetesb,South,Winter,Brazil,0,339,398,462,457,490,419,444,394,458,924,283,230,0,0,0,50.641,0.8668,0.079439252,-13.403.393.593.073.500,Humidity,No_Snow,Water,POINT (-46.41638888888889 -23.741666666666667)
3949,25/08/2020,25/08/2020,12:40,13:32:29,TITR02100,Chlorophyll,1.6,ug/l,0,m,ReservatÃƒÂ³rio de TrÃƒÂªs Ir,Reservoir,-210.483,-504.675,Brazil,Cetesb,South,Winter,Brazil,0,433,400,440,309,449,399,450,283,389,978,299,191,0,0,0,0.0117,0.3611,0.217150761,-13.359.298.181.818.100,Water_Surface,No_Snow,Water,POINT (-50.4675 -21.048333333333336)
4816,27/06/2019,27/06/2019,10:00,13:32:31,ARPE02800,Chlorophyll,1.64,ug/l,0,m,ReservatÃƒÂ³rio do Arrependido,Reservoir,-223.192,-500.225,Brazil,Cetesb,South,Winter,Brazil,0,909,858,1101,1049,1513,2341,2605,2579,2850,2986,2265,1810,0,0,0,765.192,0.4557,-0.401630435,-2.479.507.589.464.120,Drought,No_Snow,Water,POINT (-50.0225 -22.319166666666668)
4737,23/07/2019,21/07/2019,11:50,13:12:51,RAIN00880,Chlorophyll,1.67,ug/l,0,m,Represa do Rio Atibainha - RAIN,Reservoir,-232.097,-463.861,Brazil,Cetesb,South,Winter,Brazil,2,957,969,1022,901,1033,1308,1387,1460,1394,2099,905,675,5,0,2048,846.791,11.798,-0.176470588,-15.773.225.675.146.700,Drought,No_Snow,Clouds Medim,POINT (-46.38611111111111 -23.209722222222226)
4648,05/09/2019,04/09/2019,09:36,13:12:49,JQJU00900,Chlorophyll,1.69,ug/l,0,m,ReservatÃƒÂ³rio do Juqueri ou Paiva Castro,Reservoir,-233.403,-466.625,Brazil,Cetesb,South,Winter,Brazil,1,751,705,615,386,343,264,281,208,212,229,112,72,0,0,0,490.041,12.013,0.494532199,-12.310.906.341.463.400,Water_Surface,No_Snow,Water,POINT (-46.6625 -23.34027777777777)
4211,08/04/2020,06/04/2020,11:10,13:12:41,JQJU00900,Chlorophyll,1.69,ug/l,0,m,ReservatÃƒÂ³rio do Juqueri ou Paiva Castro,Reservoir,-233.403,-466.625,Brazil,Cetesb,South,Autumn,Brazil,2,153,156,258,133,118,92,57,59,80,196,57,47,0,0,0,16.476,0.4935,0.627760252,-0.776321705,Water_Surface,No_Snow,Water,POINT (-46.6625 -23.34027777777777)
4833,06/06/2019,04/06/2019,11:45,13:22:41,JURU02500,Chlorophyll,1.78,ug/l,0,m,ReservatÃƒÂ³rio Jurumirim,Reservoir,-232.608,-490.011,Brazil,Cetesb,South,Autumn,Brazil,2,471,424,696,908,1025,835,877,851,817,1444,879,751,0,0,0,117.487,11.881,-0.100193924,-1.687.738.390.804.590,Drought,No_Snow,Water,POINT (-49.00111111111111 -23.26083333333333)
3926,13/10/2020,14/10/2020,09:45,13:32:29,ARPE02800,Chlorophyll,1.87,ug/l,0,m,ReservatÃƒÂ³rio do Arrependido,Reservoir,-223.192,-500.225,Brazil,Cetesb,South,Spring,Brazil,1,272,415,684,619,1255,2394,2641,2943,3056,2498,2460,1670,0,0,0,30.918,0.074,-0.622828784,-3.141.389.614.035.080,Drought,No_Snow,Vegetation,POINT (-50.0225 -22.319166666666668)
5095,13/12/2018,14/12/2018,12:12,13:32:19,ARPE02800,Chlorophyll,1.87,ug/l,0,m,ReservatÃƒÂ³rio do Arrependido,Reservoir,-223.192,-500.225,Brazil,Cetesb,South,Spring,Brazil,1,269,543,879,882,1365,2492,2797,2937,3258,2960,2358,1551,0,0,0,0.051,0.1402,-0.539308176,-2.448.924.559.726.960,Drought,No_Snow,Vegetation,POINT (-50.0225 -22.319166666666668)
4356,12/01/2020,10/01/2020,11:20,13:22:31,JURU02500,Chlorophyll,1.87,ug/l,0,m,ReservatÃƒÂ³rio Jurumirim,Reservoir,-232.608,-490.011,Brazil,Cetesb,South,Summer,Brazil,2,1904,1934,2067,1949,2136,2055,2079,2053,2081,6473,1294,1131,41,0,2048,923.804,0.0027,0.003398058,-1.393.741.350.749.870,Humidity,No_Snow,Clouds Medim,POINT (-49.00111111111111 -23.26083333333333)
4900,12/05/2019,10/05/2019,11:30,13:22:39,JURU02500,Chlorophyll,1.87,ug/l,0,m,ReservatÃƒÂ³rio Jurumirim,Reservoir,-232.608,-490.011,Brazil,Cetesb,South,Autumn,Brazil,2,1031,1114,1260,1423,1643,1558,1592,1575,1582,6738,1649,1492,17,0,2048,999.699,0,-0.111111111,-2.079.865.968.253.960,Drought,No_Snow,Clouds Medim,POINT (-49.00111111111111 -23.26083333333333)
4280,27/02/2020,26/02/2020,12:34,13:12:41,TGDE00900,Chlorophyll,1.91,ug/l,0,m,ReservatÃƒÂ³rio de Tanque Grande,Reservoir,-233.772,-464.597,Brazil,Cetesb,South,Summer,Brazil,1,13248,12814,12146,11470,11898,10883,10380,10648,10021,15743,6283,4871,100,0,1024,999.995,0,0.065719049,-0.850830909,Humidity,No_Snow,Clouds High,POINT (-46.45972222222223 -23.377222222222223)
4453,12/11/2019,11/11/2019,09:40,13:22:41,MOCA02990,Chlorophyll,2.1,ug/l,0,m,ReservatÃƒÂ³rio Cachoeira de Cima,Reservoir,-223.783,-468.997,Brazil,Cetesb,South,Spring,Brazil,1,854,442,971,988,1488,2715,3101,3102,3284,4788,2261,1732,0,0,2048,316.162,0.5285,-0.523201571,-2.282.832.939.237.890,Drought,No_Snow,Cirrus,POINT (-46.89972222222222 -22.37833333333333)
3975,21/07/2020,20/07/2020,11:36,13:12:49,CAMO00900,Chlorophyll,2.14,ug/l,0,m,ReservatÃƒÂ³rio Capivari-Monos,Reservoir,-239.225,-467.294,Brazil,Cetesb,South,Winter,Brazil,1,210,190,239,238,212,277,168,209,243,1325,254,182,0,0,0,0.489,14.247,0.066964286,-15.571.893.556.485.300,Humidity,No_Snow,Water,POINT (-46.72944444444445 -23.9225)
4650,05/09/2019,04/09/2019,10:57,13:12:49,ACLA00500,Chlorophyll,2.19,ug/l,0,m,ReservatÃƒÂ³rio ÃƒÂguas C,Reservoir,-233.978,-466.583,Brazil,Cetesb,South,Winter,Brazil,1,2795,2470,2148,1782,1882,2029,2183,2000,2100,2407,1651,1251,30,0,0,490.041,12.013,0.035679846,-16.839.291.247.672.200,Humidity,No_Snow,Bare Soils,POINT (-46.65833333333333 -23.397777777777776)
4358,12/01/2020,12/01/2020,09:10,13:12:39,ACLA00500,Chlorophyll,2.53,ug/l,0,m,ReservatÃƒÂ³rio ÃƒÂguas C,Reservoir,-233.978,-466.583,Brazil,Cetesb,South,Summer,Brazil,0,12428,11810,11004,10378,11230,10347,9838,9904,9364,15798,6041,4417,100,0,1024,995.028,0.0002,0.052611441,-0.952449583,Humidity,No_Snow,Clouds High,POINT (-46.65833333333333 -23.397777777777776)
5070,16/01/2019,17/01/2019,13:45,13:12:39,TGDE00900,Chlorophyll,2.67,ug/l,0,m,ReservatÃƒÂ³rio de Tanque Grande,Reservoir,-233.772,-464.597,Brazil,Cetesb,South,Summer,Brazil,1,1397,1641,1829,1636,2044,2869,3173,3214,3192,5978,2451,1891,26,0,2048,581.858,0.1606,-0.274638112,-1.935.765.896.118.090,Drought,No_Snow,Clouds Medim,POINT (-46.45972222222223 -23.377222222222223)
4732,23/07/2019,22/07/2019,09:20,13:32:39,RMAR02900,Chlorophyll,2.9,ug/l,0,m,ReservatÃƒÂ³rio do CÃƒÂ³rrego Marinhei,Reservoir,-204.053,-499.567,Brazil,Cetesb,South,Winter,Brazil,1,83,238,483,295,222,48,88,96,84,594,243,202,0,0,0,896.802,0.1943,0.668393782,-0.903809085,Water_Surface,No_Snow,Water,POINT (-49.95666666666667 -20.405277777777776)
4753,17/07/2019,16/07/2019,12:45,13:12:49,RGDE02030,Chlorophyll,3.12,ug/l,0,m,ReservatÃƒÂ³rio do Rio Grande,Reservoir,-237.417,-464.164,Brazil,Cetesb,South,Winter,Brazil,1,9273,9534,8718,8116,8276,7901,7807,8359,7545,9724,4473,3165,100,0,1024,872.601,0.0341,0.021022428,-0.996993432,Humidity,No_Snow,Clouds High,POINT (-46.41638888888889 -23.741666666666667)
5084,15/01/2019,15/01/2019,13:13,13:22:31,BROA02800,Chlorophyll,3.44,ug/l,0,m,Represa do Broa - BROA,Reservoir,-221.767,-478.994,Brazil,Cetesb,South,Summer,Brazil,0,320,264,305,228,245,289,305,268,310,625,241,212,0,0,0,261.869,0.3554,0.064572426,-1.555.919.737.704.910,Humidity,No_Snow,Water,POINT (-47.89944444444444 -22.17666666666667)
4232,19/03/2020,17/03/2020,11:23,13:12:41,PEBA00900,Chlorophyll,3.47,ug/l,0,m,ReservatÃƒÂ³rio TaiaÃƒÂ§,Reservoir,-235.786,-462.781,Brazil,Cetesb,South,Summer,Brazil,2,234,226,269,173,156,101,104,71,71,49,35,37,0,0,0,154.274,0.4977,0.582352941,-0.962727167,Water_Surface,No_Snow,Water,POINT (-46.278055555555554 -23.578611111111112)
4684,08/08/2019,08/08/2019,11:45,13:22:39,JURU02500,Chlorophyll,3.47,ug/l,0,m,ReservatÃƒÂ³rio Jurumirim,Reservoir,-232.608,-490.011,Brazil,Cetesb,South,Winter,Brazil,0,264,346,493,351,324,163,167,126,131,762,209,154,0,0,0,11.921,0.6675,0.592891761,-10.001.787.829.614.600,Water_Surface,No_Snow,Water,POINT (-49.00111111111111 -23.26083333333333)
4657,05/09/2019,04/09/2019,12:10,13:12:49,RCAB00900,Chlorophyll,3.47,ug/l,0,m,ReservatÃƒÂ³rio do CabuÃƒ,Reservoir,-23.405,-465.331,Brazil,Cetesb,South,Winter,Brazil,1,12433,11870,11054,10500,10670,9970,9945,9390,9671,9675,7498,5915,100,0,1024,490.041,12.013,0.081393074,-12.447.358.480.188.100,Humidity,No_Snow,Clouds High,POINT (-46.53305555555556 -23.405)
4788,05/07/2019,06/07/2019,11:20,13:12:49,RAIN00880,Chlorophyll,3.56,ug/l,0,m,Represa do Rio Atibainha - RAIN,Reservoir,-232.097,-463.861,Brazil,Cetesb,South,Winter,Brazil,1,323,354,420,272,340,568,725,703,776,355,374,187,0,0,0,201.554,23.281,-0.252003562,-1.275.275.238.095.230,Drought,No_Snow,Water,POINT (-46.38611111111111 -23.209722222222226)
4281,27/02/2020,27/02/2020,09:40,13:32:19,ARPE02800,Chlorophyll,3.74,ug/l,0,m,ReservatÃƒÂ³rio do Arrependido,Reservoir,-223.192,-500.225,Brazil,Cetesb,South,Summer,Brazil,0,1614,2287,2066,1886,2386,3256,3645,3647,3764,4522,2548,1985,36,0,0,648.795,0.0482,-0.276737266,-2.048.999.794.772.500,Drought,No_Snow,Clouds Medim,POINT (-50.0225 -22.319166666666668)
4721,25/07/2019,26/07/2019,10:16,13:12:49,JQJU00900,Chlorophyll,3.84,ug/l,0,m,ReservatÃƒÂ³rio do Juqueri ou Paiva Castro,Reservoir,-233.403,-466.625,Brazil,Cetesb,South,Winter,Brazil,1,197,299,386,195,137,82,87,57,64,199,76,42,0,0,0,147.937,13.666,0.742663657,-0.868051689,Water_Surface,No_Snow,Water,POINT (-46.6625 -23.34027777777777)
3944,09/09/2020,08/09/2020,14:30,13:12:49,PEBA00900,Chlorophyll,4.22,ug/l,0,m,ReservatÃƒÂ³rio TaiaÃƒÂ§,Reservoir,-235.786,-462.781,Brazil,Cetesb,South,Winter,Brazil,1,397,455,463,369,363,285,300,255,236,192,94,76,0,0,0,710.722,0.3075,0.289693593,-1.117.136.250.539.950,Water_Surface,No_Snow,Water,POINT (-46.278055555555554 -23.578611111111112)
4848,23/05/2019,22/05/2019,11:39,13:12:51,PEBA00900,Chlorophyll,4.28,ug/l,0,m,ReservatÃƒÂ³rio TaiaÃƒÂ§,Reservoir,-235.786,-462.781,Brazil,Cetesb,South,Autumn,Brazil,1,148,159,188,130,127,121,134,97,82,142,42,21,0,0,0,9.592,10.925,0.319298246,-0.946706809,Water_Surface,No_Snow,Water,POINT (-46.278055555555554 -23.578611111111112)
4416,27/11/2019,28/11/2019,09:40,13:12:41,RAIN00880,Chlorophyll,4.28,ug/l,0,m,Represa do Rio Atibainha - RAIN,Reservoir,-232.097,-463.861,Brazil,Cetesb,South,Spring,Brazil,1,12098,10318,9848,9348,9201,9095,9287,8808,9291,3208,4531,3306,100,0,1024,999.478,0,0.055746141,-0.828384107,Humidity,No_Snow,Clouds High,POINT (-46.38611111111111 -23.209722222222226)
4620,25/09/2019,24/09/2019,13:15,13:12:39,PEBA00900,Chlorophyll,4.39,ug/l,0,m,ReservatÃƒÂ³rio TaiaÃƒÂ§,Reservoir,-235.786,-462.781,Brazil,Cetesb,South,Spring,Brazil,1,6826,6944,6519,6148,6809,6482,6237,6646,5898,15722,5838,5227,100,0,1024,768.908,0.1782,-0.009646791,-17.555.361.417.395.300,Drought,No_Snow,Clouds High,POINT (-46.278055555555554 -23.578611111111112)
4654,05/09/2019,04/09/2019,12:10,13:12:49,COGR00900,Chlorophyll,4.46,ug/l,0,m,ReservatÃƒÂ³rio das GraÃƒ�,Reservoir,-236.533,-469.675,Brazil,Cetesb,South,Winter,Brazil,1,8236,7763,7235,6875,7096,6654,6750,6497,6614,7464,5390,4285,100,0,1024,953.692,0.055,0.053743082,-1.462.386.424.326.190,Humidity,No_Snow,Clouds High,POINT (-46.9675 -23.65333333333333)
5088,08/01/2019,08/01/2019,10:00,13:32:21,ARPE02800,Chlorophyll,4.5,ug/l,0,m,ReservatÃƒÂ³rio do Arrependido,Reservoir,-223.192,-500.225,Brazil,Cetesb,South,Summer,Brazil,0,687,716,991,809,1452,2682,3017,3085,3353,5016,1993,1248,1,0,2048,984.905,0.0017,-0.51373896,-2.005.276.528.758.820,Drought,No_Snow,Clouds Medim,POINT (-50.0225 -22.319166666666668)
4735,23/07/2019,21/07/2019,14:35,13:12:51,CACH00500,Chlorophyll,4.84,ug/l,0,m,ReservatÃƒÂ³rio do Rio Cachoeira,Reservoir,-230.336,-46.29,Brazil,Cetesb,South,Winter,Brazil,2,2502,2119,2039,1859,2139,2372,2524,2442,2604,5152,1477,1360,36,0,2048,846.791,11.798,-0.089935282,-16.256.885.434.036.200,Drought,No_Snow,Clouds Medim,POINT (-46.29 -23.03361111111112)
4700,01/08/2019,31/07/2019,12:35,13:12:51,RCAB00900,Chlorophyll,4.93,ug/l,0,m,ReservatÃƒÂ³rio do CabuÃƒ,Reservoir,-23.405,-465.331,Brazil,Cetesb,South,Winter,Brazil,1,226,296,628,456,1119,2698,3040,3308,3457,2924,1987,996,0,0,0,6.323,12.245,-0.680894309,-2.097.912.840.764.330,Drought,No_Snow,Vegetation,POINT (-46.53305555555556 -23.405)
4709,30/07/2019,31/07/2019,11:30,13:12:51,RCAB00900,Chlorophyll,5.35,ug/l,0,m,ReservatÃƒÂ³rio do CabuÃƒ,Reservoir,-23.405,-465.331,Brazil,Cetesb,South,Winter,Brazil,1,226,296,628,456,1119,2698,3040,3308,3457,2924,1987,996,0,0,0,6.323,12.245,-0.680894309,-2.097.912.840.764.330,Drought,No_Snow,Vegetation,POINT (-46.53305555555556 -23.405)
5038,29/01/2019,27/01/2019,12:52,13:12:49,CAMO00900,Chlorophyll,5.35,ug/l,0,m,ReservatÃƒÂ³rio Capivari-Monos,Reservoir,-239.225,-467.294,Brazil,Cetesb,South,Summer,Brazil,2,257,249,320,366,337,174,216,176,155,965,157,93,0,0,0,0.8657,0.3022,0.290322581,-1.053.418,Water_Surface,No_Snow,Water,POINT (-46.72944444444445 -23.9225)
3879,17/11/2020,15/11/2020,09:50,13:22:41,GRAM02950,Chlorophyll,5.7,ug/l,0,m,Represa de Graminha - GRAM,Reservoir,-215.778,-466.219,Brazil,Cetesb,South,Spring,Brazil,2,411,456,787,338,269,135,127,107,95,227,107,90,0,0,0,138.368,32.938,0.760626398,-0.660121825,Water_Surface,No_Snow,Water,POINT (-46.621944444444445 -21.57777777777778)
4309,23/01/2020,23/01/2020,10:45,13:32:21,TITR02800,Chlorophyll,5.76,ug/l,0,m,ReservatÃƒÂ³rio de TrÃƒÂªs Ir,Reservoir,-206.597,-511.467,Brazil,Cetesb,South,Summer,Brazil,0,15123,13746,12544,11694,12586,11408,10802,10792,10429,15918,4406,3016,100,0,1024,926.612,0.0102,0.075077134,-0.515776378,Humidity,No_Snow,Clouds High,POINT (-51.14666666666667 -20.65972222222222)
4365,12/01/2020,13/01/2020,09:45,13:32:21,TITR02800,Chlorophyll,5.88,ug/l,0,m,ReservatÃƒÂ³rio de TrÃƒÂªs Ir,Reservoir,-206.597,-511.467,Brazil,Cetesb,South,Summer,Brazil,1,305,301,436,140,123,69,74,32,53,1,13,11,0,0,0,348.323,0.1726,0.863247863,-0.69500833,Water_Surface,No_Snow,Water,POINT (-51.14666666666667 -20.65972222222222)
4608,01/10/2019,29/09/2019,11:28,13:12:41,RAIN00880,Chlorophyll,5.88,ug/l,0,m,Represa do Rio Atibainha - RAIN,Reservoir,-232.097,-463.861,Brazil,Cetesb,South,Spring,Brazil,2,306,315,457,311,512,914,899,979,856,431,545,317,0,0,0,236.194,0.9837,-0.363509749,-13.745.401.663.019.600,Drought,No_Snow,Water,POINT (-46.38611111111111 -23.209722222222226)
3934,23/09/2020,23/09/2020,13:50,13:12:51,CAMO00900,Chlorophyll,6.01,ug/l,0,m,ReservatÃƒÂ³rio Capivari-Monos,Reservoir,-239.225,-467.294,Brazil,Cetesb,South,Spring,Brazil,0,4395,4319,4105,3843,4208,4511,4557,4607,4624,5215,3765,3166,100,0,1024,872.961,0.0641,-0.057621671,-1.747.906.114.494.510,Drought,No_Snow,Clouds High,POINT (-46.72944444444445 -23.9225)
4307,06/02/2020,06/02/2020,10:55,13:12:31,JQJU00900,Chlorophyll,6.11,ug/l,0,m,ReservatÃƒÂ³rio do Juqueri ou Paiva Castro,Reservoir,-233.403,-466.625,Brazil,Cetesb,South,Summer,Brazil,0,7344,7037,6544,6179,6671,6392,6223,6152,6226,13226,4594,3485,100,0,1024,94.05,0.0169,0.030875866,-1.387.785.085.574.570,Humidity,No_Snow,Clouds High,POINT (-46.6625 -23.34027777777777)
4047,02/06/2020,31/05/2020,10:21,13:12:49,COGR00900,Chlorophyll,6.24,ug/l,0,m,ReservatÃƒÂ³rio das GraÃƒ�,Reservoir,-236.533,-469.675,Brazil,Cetesb,South,Autumn,Brazil,2,215,339,531,405,796,1968,2528,2835,2931,2338,1514,774,0,0,0,0.234,0.6681,-0.684491979,-21.116.891.977.401.100,Drought,No_Snow,Vegetation,POINT (-46.9675 -23.65333333333333)
4385,09/12/2019,08/12/2019,10:00,13:12:41,RGDE02900,Chlorophyll,6.24,ug/l,0,m,ReservatÃƒÂ³rio do Rio Grande,Reservoir,-237.711,-465.342,Brazil,Cetesb,South,Spring,Brazil,1,477,691,887,832,1137,1834,2002,2078,2119,1488,1653,1082,0,0,2048,605.445,0.1025,-0.401686341,-2.027.480.604.284.100,Drought,No_Snow,Clowds Low,POINT (-46.53416666666666 -23.77111111111111)
4176,02/05/2020,01/05/2020,11:30,13:12:39,TIRG02900,Chlorophyll,6.68,ug/l,0,m,ReservatÃƒÂ³rio de RasgÃƒ,Reservoir,-233.828,-470.294,Brazil,Cetesb,South,Autumn,Brazil,1,556,256,248,195,254,400,500,344,464,1451,279,166,0,0,0,0.8097,0.865,-0.162162162,-17.011.809.032.258.000,Drought,No_Snow,Dark Area,POINT (-47.02944444444445 -23.38277777777778)
4005,07/07/2020,05/07/2020,11:32,13:12:51,RAIN00880,Chlorophyll,6.87,ug/l,0,m,Represa do Rio Atibainha - RAIN,Reservoir,-232.097,-463.861,Brazil,Cetesb,South,Winter,Brazil,2,730,857,1163,1123,1308,1761,1758,1837,1549,1727,1591,777,7,0,0,393.462,18.279,-0.224666667,-1.415.659.102.321.580,Drought,No_Snow,Cirrus,POINT (-46.38611111111111 -23.209722222222226)
3909,20/10/2020,19/10/2020,11:45,13:32:31,TITR02100,Chlorophyll,6.95,ug/l,0,m,ReservatÃƒÂ³rio de TrÃƒÂªs Ir,Reservoir,-210.483,-504.675,Brazil,Cetesb,South,Spring,Brazil,1,8907,8802,8106,7489,8116,7648,7275,7922,7124,15942,6274,5577,100,0,1024,857.793,0.0302,0.01147991,-15.546.592.065.136.900,Humidity,No_Snow,Clouds High,POINT (-50.4675 -21.048333333333336)
4326,22/01/2020,20/01/2020,11:55,13:22:31,GRAM02950,Chlorophyll,7.1,ug/l,0,m,Represa de Graminha - GRAM,Reservoir,-215.778,-466.219,Brazil,Cetesb,South,Summer,Brazil,2,5280,5239,4573,4133,4417,4363,4460,4723,4454,9256,3835,3405,100,0,1024,966.502,0.0096,-0.016135972,-1.790.281.235.075.440,Drought,No_Snow,Clouds High,POINT (-46.621944444444445 -21.57777777777778)
4663,01/09/2019,30/08/2019,12:50,13:12:41,TIRG02900,Chlorophyll,7.13,ug/l,0,m,ReservatÃƒÂ³rio de RasgÃƒ,Reservoir,-233.828,-470.294,Brazil,Cetesb,South,Winter,Brazil,2,432,336,676,368,1124,4276,5093,4946,5160,4340,1694,713,0,0,0,0.2883,0.8658,-0.759516186,-1.505.535.147.928.990,Drought,No_Snow,Vegetation,POINT (-47.02944444444445 -23.38277777777778)
4033,23/06/2020,21/06/2020,12:00,13:32:31,TITR02100,Chlorophyll,7.13,ug/l,0,m,ReservatÃƒÂ³rio de TrÃƒÂªs Ir,Reservoir,-210.483,-504.675,Brazil,Cetesb,South,Winter,Brazil,2,256,570,766,952,918,942,947,942,821,1144,742,617,5,0,0,0.0535,0.3179,-0.103044496,-15.280.483.550.913.800,Drought,No_Snow,Water,POINT (-50.4675 -21.048333333333336)
4750,17/07/2019,17/07/2019,09:10,13:32:31,RPRE02200,Chlorophyll,7.2,ug/l,0,m,ReservatÃƒÂ³rio do Rio Preto,Reservoir,-208.094,-493.761,Brazil,Cetesb,South,Winter,Brazil,0,764,1186,1482,1808,1743,1723,1822,1944,1855,1742,2152,2093,6,0,0,629.793,18.855,-0.134851138,-22.393.266.072.874.400,Drought,No_Snow,Bare Soils,POINT (-49.37611111111112 -20.809444444444445)
3874,24/11/2020,22/11/2020,11:55,13:12:51,RAIN00880,Chlorophyll,7.48,ug/l,0,m,Represa do Rio Atibainha - RAIN,Reservoir,-232.097,-463.861,Brazil,Cetesb,South,Spring,Brazil,2,3573,3547,3421,3298,3607,3856,3970,3924,4014,4545,4074,3570,100,0,1024,465.284,0.8216,-0.068481961,-2.104.637.852.090.030,Drought,No_Snow,Clouds High,POINT (-46.38611111111111 -23.209722222222226)
5046,22/01/2019,22/01/2019,10:42,13:12:41,RGDE02900,Chlorophyll,7.72,ug/l,0,m,ReservatÃƒÂ³rio do Rio Grande,Reservoir,-237.711,-465.342,Brazil,Cetesb,South,Summer,Brazil,0,363,275,308,197,315,558,589,587,612,369,394,230,0,0,0,47.912,0.4083,-0.311731844,-16.396.983.896.103.800,Drought,No_Snow,Cloud Shadows,POINT (-46.53416666666666 -23.77111111111111)
4616,01/10/2019,30/09/2019,10:35,13:32:29,TITR02800,Chlorophyll,7.75,ug/l,0,m,ReservatÃƒÂ³rio de TrÃƒÂªs Ir,Reservoir,-206.597,-511.467,Brazil,Cetesb,South,Spring,Brazil,1,267,332,414,209,211,145,146,134,112,113,65,55,0,0,0,0.0108,0.2823,0.510948905,-0.914030609,Water_Surface,No_Snow,Water,POINT (-51.14666666666667 -20.65972222222222)
5074,16/01/2019,15/01/2019,14:00,13:22:31,SOIT02900,Chlorophyll,7.8,ug/l,0,m,ReservatÃƒÂ³rio Itupararanga,Reservoir,-236.117,-473.978,Brazil,Cetesb,South,Summer,Brazil,1,5446,4845,4609,4500,5305,5697,5799,5715,5849,15572,4687,4260,100,0,1024,828.955,0.0079,-0.10712902,-1.910.518.751.139.070,Drought,No_Snow,Clouds High,POINT (-47.397777777777776 -23.611666666666668)
4368,12/01/2020,10/01/2020,13:23,13:22:31,BROA02800,Chlorophyll,8.02,ug/l,0,m,Represa do Broa - BROA,Reservoir,-221.767,-478.994,Brazil,Cetesb,South,Summer,Brazil,2,9173,7984,7780,7308,8229,8146,7998,7901,7930,15851,5440,4352,100,0,1024,486.914,0.1784,-0.007716345,-130.200.011.311.054,Drought,No_Snow,Clouds High,POINT (-47.89944444444444 -22.17666666666667)
4367,12/01/2020,12/01/2020,11:05,13:12:39,JQJU00900,Chlorophyll,8.02,ug/l,0,m,ReservatÃƒÂ³rio do Juqueri ou Paiva Castro,Reservoir,-233.403,-466.625,Brazil,Cetesb,South,Summer,Brazil,0,13706,12966,11984,11118,11795,10932,10541,10668,10117,15810,5667,4278,100,0,1024,995.028,0.0002,0.058096415,-0.789898558,Humidity,No_Snow,Clouds High,POINT (-46.6625 -23.34027777777777)
4183,02/05/2020,01/05/2020,09:24,13:12:39,RAIN00880,Chlorophyll,8.02,ug/l,0,m,Represa do Rio Atibainha - RAIN,Reservoir,-232.097,-463.861,Brazil,Cetesb,South,Autumn,Brazil,1,304,367,436,351,517,805,1064,961,882,434,579,304,0,0,0,23.344,0.9818,-0.375805297,-15.339.628.256.880.700,Drought,No_Snow,Water,POINT (-46.38611111111111 -23.209722222222226)
4687,05/08/2019,05/08/2019,11:23,13:12:49,JCRE00500,Chlorophyll,8.29,ug/l,0,m,ReservatÃƒÂ³rio do Rio JacareÃƒÂ­-UGR,Reservoir,-229.711,-464.008,Brazil,Cetesb,South,Winter,Brazil,0,1192,1144,1120,957,985,973,1025,959,989,1965,772,714,6,0,0,373.881,2.111,0.077441077,-16.268.325.714.285.700,Humidity,No_Snow,Cirrus,POINT (-46.40083333333333 -22.97111111111111)
4320,22/01/2020,23/01/2020,09:15,13:32:21,RMAR02900,Chlorophyll,8.3,ug/l,0,m,ReservatÃƒÂ³rio do CÃƒÂ³rrego Marinhei,Reservoir,-204.053,-499.567,Brazil,Cetesb,South,Summer,Brazil,1,7982,6675,6569,6278,6891,7064,7079,6455,7117,15911,5214,4686,100,0,1024,889.455,0.0254,0.008753071,-1.556.014.984.320.290,Humidity,No_Snow,Clouds High,POINT (-49.95666666666667 -20.405277777777776)
5026,31/01/2019,01/02/2019,10:30,13:12:41,JNDI00500,Chlorophyll,8.4,ug/l,0,m,ReservatÃƒÂ³rio do Rio JundiaÃƒÂ­ - UGR,Reservoir,-236.492,-461.978,Brazil,Cetesb,South,Summer,Brazil,1,1585,1573,1652,1474,1794,2434,2604,2699,2633,5999,1738,1245,18,0,2048,165.363,0.3123,-0.240634337,-16.699.111.380.145.200,Drought,No_Snow,Clouds Medim,POINT (-46.19777777777777 -23.649166666666662)
4499,07/10/2019,07/10/2019,12:20,13:22:39,SOIT02900,Chlorophyll,8.44,ug/l,0,m,ReservatÃƒÂ³rio Itupararanga,Reservoir,-236.117,-473.978,Brazil,Cetesb,South,Spring,Brazil,0,1549,2043,2389,2272,2582,2965,3080,3512,3070,7148,3124,2510,100,0,1024,995.208,0,-0.190306728,-1.923.990.334.030.970,Drought,No_Snow,Clouds High,POINT (-47.397777777777776 -23.611666666666668)
4785,05/07/2019,06/07/2019,14:37,13:12:49,CACH00500,Chlorophyll,8.46,ug/l,0,m,ReservatÃƒÂ³rio do Rio Cachoeira,Reservoir,-230.336,-46.29,Brazil,Cetesb,South,Winter,Brazil,1,8611,10426,9958,9430,9592,9299,8919,10340,8667,10951,7553,6297,100,0,1024,201.554,23.281,-0.018819588,-1.364.445.283.791.920,Drought,No_Snow,Clouds High,POINT (-46.29 -23.03361111111112)
4844,23/05/2019,22/05/2019,10:33,13:12:51,JNDI00500,Chlorophyll,8.55,ug/l,0,m,ReservatÃƒÂ³rio do Rio JundiaÃƒÂ­ - UGR,Reservoir,-236.492,-461.978,Brazil,Cetesb,South,Autumn,Brazil,1,248,119,185,144,194,194,199,264,172,2103,375,223,0,0,0,9.592,10.925,-0.175946548,-1.864.800.648.648.640,Drought,No_Snow,Water,POINT (-46.19777777777777 -23.649166666666662)
4402,28/11/2019,28/11/2019,12:07,13:12:41,PEBA00900,Chlorophyll,8.91,ug/l,0,m,ReservatÃƒÂ³rio TaiaÃƒÂ§,Reservoir,-235.786,-462.781,Brazil,Cetesb,South,Spring,Brazil,0,9909,10066,10150,10248,10635,10422,10407,10308,10323,12944,4990,3288,100,0,1024,936.403,0,-0.00772314,-0.709249025,Drought,No_Snow,Clouds High,POINT (-46.278055555555554 -23.578611111111112)
4952,21/03/2019,21/03/2019,10:35,13:22:29,BROA02800,Chlorophyll,9.09,ug/l,0,m,Represa do Broa - BROA,Reservoir,-221.767,-478.994,Brazil,Cetesb,South,Autumn,Brazil,0,4986,4905,4535,4226,4597,4706,4893,4645,4851,8151,3829,3180,100,0,1024,995.792,0.0016,-0.011982571,-16.830.844.410.143.300,Drought,No_Snow,Clouds High,POINT (-47.89944444444444 -22.17666666666667)
5049,22/01/2019,23/01/2019,09:10,13:32:29,RMAR02900,Chlorophyll,9.4,ug/l,0,m,ReservatÃƒÂ³rio do CÃƒÂ³rrego Marinhei,Reservoir,-204.053,-499.567,Brazil,Cetesb,South,Summer,Brazil,1,237,277,416,238,263,130,206,156,160,915,252,224,0,0,0,0.0137,0.155,0.454545455,-12.003.669.230.769.200,Water_Surface,No_Snow,Water,POINT (-49.95666666666667 -20.405277777777776)
4436,21/11/2019,19/11/2019,10:45,13:32:19,TITR02800,Chlorophyll,9.62,ug/l,0,m,ReservatÃƒÂ³rio de TrÃƒÂªs Ir,Reservoir,-206.597,-511.467,Brazil,Cetesb,South,Spring,Brazil,2,376,458,559,324,348,282,287,271,255,387,205,179,0,0,0,252.977,0.2157,0.346987952,-11.184.908.837.209.300,Water_Surface,No_Snow,Water,POINT (-51.14666666666667 -20.65972222222222)
4748,17/07/2019,16/07/2019,11:50,13:12:49,JNDI00500,Chlorophyll,9.62,ug/l,0,m,ReservatÃƒÂ³rio do Rio JundiaÃƒÂ­ - UGR,Reservoir,-236.492,-461.978,Brazil,Cetesb,South,Winter,Brazil,1,3616,3683,3561,3340,3481,3643,3780,3947,3765,4076,2866,2136,100,0,1024,872.601,0.0341,-0.051411827,-15.301.635.473.181.600,Drought,No_Snow,Clouds High,POINT (-46.19777777777777 -23.649166666666662)
4689,05/08/2019,05/08/2019,10:04,13:12:49,JARI00800,Chlorophyll,10.14,ug/l,0,m,ReservatÃƒÂ³rio Jaguari - UGRHI 05,Reservoir,-229.278,-464.242,Brazil,Cetesb,South,Winter,Brazil,0,765,780,820,624,662,683,701,686,705,1473,434,350,0,0,0,373.881,2.111,0.088977424,-13.447.687.804.878.000,Humidity,No_Snow,Cirrus,POINT (-46.424166666666665 -22.92777777777778)
4221,02/04/2020,01/04/2020,12:25,13:12:39,JQJU00900,Chlorophyll,10.16,ug/l,0,m,ReservatÃƒÂ³rio do Juqueri ou Paiva Castro,Reservoir,-233.403,-466.625,Brazil,Cetesb,South,Autumn,Brazil,1,255,291,331,182,168,94,135,90,118,196,82,60,0,0,0,283.451,0.6518,0.572446556,-10.469.149.607.250.700,Water_Surface,No_Snow,Water,POINT (-46.6625 -23.34027777777777)
3986,14/07/2020,15/07/2020,12:45,13:12:51,PEBA00900,Chlorophyll,10.25,ug/l,0,m,ReservatÃƒÂ³rio TaiaÃƒÂ§,Reservoir,-235.786,-462.781,Brazil,Cetesb,South,Winter,Brazil,1,9016,8014,7495,7056,7239,6903,6821,6890,6633,8610,5782,4893,100,0,1024,976.392,0.0002,0.042057699,-15.284.053.875.917.200,Humidity,No_Snow,Clouds High,POINT (-46.278055555555554 -23.578611111111112)
4425,27/11/2019,28/11/2019,12:25,13:12:41,CACH00500,Chlorophyll,10.41,ug/l,0,m,ReservatÃƒÂ³rio do Rio Cachoeira,Reservoir,-230.336,-46.29,Brazil,Cetesb,South,Spring,Brazil,1,11381,9928,9436,8952,8734,8853,9125,8790,9199,3500,5358,3928,100,0,1024,999.478,0,0.035443871,-10.258.108.215.345.400,Humidity,No_Snow,Clouds High,POINT (-46.29 -23.03361111111112)
4951,27/03/2019,28/03/2019,12:15,13:12:49,PEBA00900,Chlorophyll,10.69,ug/l,0,m,ReservatÃƒÂ³rio TaiaÃƒÂ§,Reservoir,-235.786,-462.781,Brazil,Cetesb,South,Autumn,Brazil,1,6825,7032,7085,7221,7486,7448,7608,7147,7517,5884,6044,5012,100,0,1024,983.451,0.0257,-0.00435638,-15.320.214.283.697.900,Drought,No_Snow,Clouds High,POINT (-46.278055555555554 -23.578611111111112)
4841,29/05/2019,27/05/2019,13:10,13:12:49,RGDE02030,Chlorophyll,10.97,ug/l,0,m,ReservatÃƒÂ³rio do Rio Grande,Reservoir,-237.417,-464.164,Brazil,Cetesb,South,Autumn,Brazil,2,14,72,99,114,90,16,15,45,57,116,38,28,0,0,0,0.1395,10.939,0.375,-100.461.301.010.101,Water_Surface,No_Snow,Water,POINT (-46.41638888888889 -23.741666666666667)
3887,11/11/2020,12/11/2020,11:05,13:12:51,PEBA00900,Chlorophyll,11.36,ug/l,0,m,ReservatÃƒÂ³rio TaiaÃƒÂ§,Reservoir,-235.786,-462.781,Brazil,Cetesb,South,Spring,Brazil,1,4264,3915,3685,3421,3751,3893,3899,3827,3939,8179,3001,2631,100,0,1024,993.407,0.001,-0.018903088,-1.682.902.773.405.690,Drought,No_Snow,Clouds High,POINT (-46.278055555555554 -23.578611111111112)
4820,26/06/2019,24/06/2019,12:44,13:22:41,ATSG02800,Chlorophyll,11.49,ug/l,0,m,ReservatÃƒÂ³rio de Salto Grande (UGRHI 05),Reservoir,-227.161,-472.672,Brazil,Cetesb,South,Winter,Brazil,2,91,129,297,194,541,1901,2193,2375,2507,2332,808,346,0,0,0,0.1626,0.75,-0.777694611,-1.576.950.599.326.590,Drought,No_Snow,Vegetation,POINT (-47.26722222222222 -22.71611111111111)
4881,15/05/2019,15/05/2019,10:34,13:22:41,TIBB02700,Chlorophyll,12.26,ug/l,0,m,ReservatÃƒÂ³rio de Barra Bonita,Reservoir,-225.442,-484.467,Brazil,Cetesb,South,Autumn,Brazil,0,1467,1463,1403,1331,1420,1438,1487,1497,1491,2320,1022,1047,15,0,0,749.318,0.8159,-0.032413793,-1.738.907.521.026.370,Drought,No_Snow,Water,POINT (-48.446666666666665 -22.54416666666667)
3871,25/11/2020,25/11/2020,14:00,13:22:31,SOIT02900,Chlorophyll,12.3,ug/l,0,m,ReservatÃƒÂ³rio Itupararanga,Reservoir,-236.117,-473.978,Brazil,Cetesb,South,Spring,Brazil,0,407,321,591,427,1034,2629,2971,3105,3212,2982,1961,1040,0,0,0,82.505,0.2378,-0.680194805,-2.350.548.480.541.450,Drought,No_Snow,Vegetation,POINT (-47.397777777777776 -23.611666666666668)
4226,19/03/2020,17/03/2020,11:16,13:12:41,RGDE02030,Chlorophyll,12.83,ug/l,0,m,ReservatÃƒÂ³rio do Rio Grande,Reservoir,-237.417,-464.164,Brazil,Cetesb,South,Summer,Brazil,2,210,137,126,96,107,110,120,105,97,229,101,64,0,0,0,154.274,0.4977,0.090909091,-15.935.660.952.380.900,Humidity,No_Snow,Water,POINT (-46.41638888888889 -23.741666666666667)
3941,21/09/2020,21/09/2020,11:55,13:22:39,TIRG02900,Chlorophyll,13.36,ug/l,0,m,ReservatÃƒÂ³rio de RasgÃƒ,Reservoir,-233.828,-470.294,Brazil,Cetesb,South,Winter,Brazil,0,8473,8211,7778,7481,7766,7518,7567,7311,7485,8508,6167,4911,100,0,1024,65.257,0.0643,0.030949698,-14.912.460.838.261.700,Humidity,No_Snow,Clouds High,POINT (-47.02944444444445 -23.38277777777778)
4330,15/01/2020,13/01/2020,09:00,13:32:21,RPRE02200,Chlorophyll,13.4,ug/l,0,m,ReservatÃƒÂ³rio do Rio Preto,Reservoir,-208.094,-493.761,Brazil,Cetesb,South,Summer,Brazil,2,794,857,1107,1234,1342,1408,1481,1338,1521,1642,1549,1308,11,0,0,817.503,0.0198,-0.094478528,-1.978.192.224.028.900,Drought,No_Snow,Bare Soils,POINT (-49.37611111111112 -20.809444444444445)
4878,15/05/2019,15/05/2019,09:36,13:22:41,TIBB02100,Chlorophyll,13.66,ug/l,0,m,ReservatÃƒÂ³rio de Barra Bonita,Reservoir,-226.128,-483.478,Brazil,Cetesb,South,Autumn,Brazil,0,4872,4349,4088,3759,4028,3950,3914,4051,3861,11867,1747,1843,100,0,1024,749.318,0.8159,0.004546013,-12.610.491.037.181.900,Humidity,No_Snow,Clouds High,POINT (-48.34777777777778 -22.61277777777778)
4024,30/06/2020,30/06/2020,13:13,13:12:49,RGDE02900,Chlorophyll,13.75,ug/l,0,m,ReservatÃƒÂ³rio do Rio Grande,Reservoir,-237.711,-465.342,Brazil,Cetesb,South,Winter,Brazil,0,1646,1183,1310,1389,1787,2129,2229,1818,2305,5586,1646,1476,17,0,2048,748.588,15.041,-0.162404092,-2.031.758.992.366.410,Drought,No_Snow,Clouds Medim,POINT (-46.53416666666666 -23.77111111111111)
5033,31/01/2019,01/02/2019,10:02,13:12:41,RGDE02030,Chlorophyll,14.37,ug/l,0,m,ReservatÃƒÂ³rio do Rio Grande,Reservoir,-237.417,-464.164,Brazil,Cetesb,South,Summer,Brazil,1,378,342,424,381,589,813,947,811,1087,1664,583,406,0,0,2048,165.363,0.3123,-0.313360324,-17.642.749.433.962.200,Drought,No_Snow,Cirrus,POINT (-46.41638888888889 -23.741666666666667)
4873,16/05/2019,15/05/2019,11:45,13:22:41,SOIT02900,Chlorophyll,14.7,ug/l,0,m,ReservatÃƒÂ³rio Itupararanga,Reservoir,-236.117,-473.978,Brazil,Cetesb,South,Autumn,Brazil,1,467,380,500,335,835,2306,2608,2951,2864,2746,1600,813,0,0,0,625.835,0.3606,-0.710228919,-2.409.704,Drought,No_Snow,Vegetation,POINT (-47.397777777777776 -23.611666666666668)
4265,03/03/2020,02/03/2020,14:14,13:12:39,SOIT02900,Chlorophyll,14.85,ug/l,0,m,ReservatÃƒÂ³rio Itupararanga,Reservoir,-236.117,-473.978,Brazil,Cetesb,South,Summer,Brazil,1,8931,8728,8412,7952,8689,8254,8028,8150,7772,15756,5923,4643,100,0,1024,988.693,0.0329,0.015819345,-1.299.310.978.601.990,Humidity,No_Snow,Clouds High,POINT (-47.397777777777776 -23.611666666666668)
3963,19/08/2020,19/08/2020,13:04,13:12:49,RGDE02900,Chlorophyll,15.04,ug/l,0,m,ReservatÃƒÂ³rio do Rio Grande,Reservoir,-237.711,-465.342,Brazil,Cetesb,South,Winter,Brazil,0,718,909,1036,966,1272,1656,1788,1818,1852,2145,1395,1023,5,0,0,50.641,0.8668,-0.274001402,-18.668.448.648.648.600,Drought,No_Snow,Clowds Low,POINT (-46.53416666666666 -23.77111111111111)
4424,27/11/2019,26/11/2019,12:40,13:22:29,TIRG02900,Chlorophyll,15.15,ug/l,0,m,ReservatÃƒÂ³rio de RasgÃƒ,Reservoir,-233.828,-470.294,Brazil,Cetesb,South,Spring,Brazil,1,556,445,668,386,958,3891,4854,4703,5028,4080,1729,728,0,0,0,42.178,0.4076,-0.751256749,-1.721.636.023.952.090,Drought,No_Snow,Cirrus,POINT (-47.02944444444445 -23.38277777777778)
4314,23/01/2020,23/01/2020,09:35,13:32:21,TITR02100,Chlorophyll,15.24,ug/l,0,m,ReservatÃƒÂ³rio de TrÃƒÂªs Ir,Reservoir,-210.483,-504.675,Brazil,Cetesb,South,Summer,Brazil,0,6665,6588,6105,5564,5808,5520,5523,5614,5503,8493,4458,3487,100,0,1024,942.721,0.0106,0.041897773,-147.389.865.028.665,Humidity,No_Snow,Clouds High,POINT (-50.4675 -21.048333333333336)
4411,28/11/2019,28/11/2019,11:21,13:12:41,JNDI00500,Chlorophyll,15.37,ug/l,0,m,ReservatÃƒÂ³rio do Rio JundiaÃƒÂ­ - UGR,Reservoir,-236.492,-461.978,Brazil,Cetesb,South,Spring,Brazil,0,7274,7687,7844,7889,7996,7937,7972,7947,7980,8152,3750,2472,0,10,1024,936.403,0,-0.006522703,-0.817650036,Drought,No_Snow,Snow/Ice,POINT (-46.19777777777777 -23.649166666666662)
5075,16/01/2019,15/01/2019,11:00,13:22:31,SOIT02100,Chlorophyll,15.5,ug/l,0,m,ReservatÃƒÂ³rio Itupararanga,Reservoir,-236.072,-472.956,Brazil,Cetesb,South,Summer,Brazil,1,2651,3102,2957,2413,2781,3521,3802,4228,3939,9664,2811,2408,67,0,0,828.955,0.0079,-0.176896312,-17.989.470.422.725.700,Drought,No_Snow,Clouds Medim,POINT (-47.29555555555555 -23.607222222222223)
3959,19/08/2020,17/08/2020,13:35,13:22:41,SOIT02900,Chlorophyll,15.78,ug/l,0,m,ReservatÃƒÂ³rio Itupararanga,Reservoir,-236.117,-473.978,Brazil,Cetesb,South,Winter,Brazil,2,11252,10200,9296,8636,9196,8563,8148,8264,7798,15880,2093,2443,82,0,1024,999.249,0,0.058769932,-0.626291332,Humidity,No_Snow,Clouds High,POINT (-47.397777777777776 -23.611666666666668)
4677,13/08/2019,13/08/2019,15:39,13:22:41,MOCA02990,Chlorophyll,16,ug/l,0,m,ReservatÃƒÂ³rio Cachoeira de Cima,Reservoir,-223.783,-468.997,Brazil,Cetesb,South,Winter,Brazil,0,237,239,485,385,823,1916,2162,2330,2279,2179,1697,902,0,0,0,16.972,0.8896,-0.655417407,-2.407.077.319.587.620,Drought,No_Snow,Vegetation,POINT (-46.89972222222222 -22.37833333333333)
5051,22/01/2019,22/01/2019,10:52,13:12:41,BILL02500,Chlorophyll,16.04,ug/l,0,m,ReservatÃƒÂ³rio Billings,Reservoir,-237.908,-465.983,Brazil,Cetesb,South,Summer,Brazil,0,419,376,572,276,402,142,139,101,83,55,92,62,0,0,0,47.912,0.4083,0.699851412,-0.740770266,Water_Surface,No_Snow,Water,POINT (-46.598333333333336 -23.79083333333333)
3860,02/12/2020,02/12/2020,10:55,13:12:41,RCAB00900,Chlorophyll,16.04,ug/l,0,m,ReservatÃƒÂ³rio do CabuÃƒ,Reservoir,-23.405,-465.331,Brazil,Cetesb,South,Spring,Brazil,0,7255,6632,6281,6024,6488,6467,6482,6060,6511,11107,4272,3741,100,0,1024,996.783,0.0001,0.017907787,-1.417.548.616.462.340,Humidity,No_Snow,Clouds High,POINT (-46.53305555555556 -23.405)
4030,23/06/2020,23/06/2020,11:45,13:22:39,SOIT02900,Chlorophyll,16.42,ug/l,0,m,ReservatÃƒÂ³rio Itupararanga,Reservoir,-236.117,-473.978,Brazil,Cetesb,South,Winter,Brazil,0,52,134,228,166,383,894,1007,1184,1139,1358,754,435,0,0,0,386.825,0.6859,-0.677053824,-2.514.206.035.087.710,Drought,No_Snow,Vegetation,POINT (-47.397777777777776 -23.611666666666668)
3970,10/08/2020,10/08/2020,12:00,13:32:31,TIPR02990,Chlorophyll,16.57,ug/l,0,m,ReservatÃƒÂ³rio de PromissÃƒ,Reservoir,-212.972,-497.825,Brazil,Cetesb,South,Winter,Brazil,0,155,239,523,281,458,211,205,185,137,68,95,90,0,0,0,0.0183,0.2694,0.47740113,-0.602959098,Water_Surface,No_Snow,Water,POINT (-49.7825 -21.297222222222224)
4229,19/03/2020,17/03/2020,10:24,13:12:41,JNDI00500,Chlorophyll,16.8,ug/l,0,m,ReservatÃƒÂ³rio do Rio JundiaÃƒÂ­ - UGR,Reservoir,-236.492,-461.978,Brazil,Cetesb,South,Summer,Brazil,2,1362,1557,1667,1691,2076,2834,3005,3005,2859,6841,2213,1545,28,0,2048,154.274,0.4977,-0.286386986,-18.530.598.344.331.100,Drought,No_Snow,Clouds Medim,POINT (-46.19777777777777 -23.649166666666662)
4729,23/07/2019,22/07/2019,09:35,13:32:39,TIPR02990,Chlorophyll,16.84,ug/l,0,m,ReservatÃƒÂ³rio de PromissÃƒ,Reservoir,-212.972,-497.825,Brazil,Cetesb,South,Winter,Brazil,1,9021,8274,7755,7248,7731,7325,6969,7251,6669,15861,2448,2913,100,0,1024,975.761,0.0337,0.033586565,-0.886209191,Humidity,No_Snow,Clouds High,POINT (-49.7825 -21.297222222222224)
3918,15/10/2020,13/10/2020,11:50,13:12:51,RGDE02200,Chlorophyll,16.93,ug/l,0,m,ReservatÃƒÂ³rio do Rio Grande,Reservoir,-237.372,-464.461,Brazil,Cetesb,South,Spring,Brazil,2,240,202,272,191,224,73,114,77,104,182,128,101,0,0,0,0.1302,0.4232,0.558739255,-11.073.305.882.352.900,Water_Surface,No_Snow,Water,POINT (-46.44611111111111 -23.737222222222226)
4752,17/07/2019,16/07/2019,12:50,13:12:49,PEBA00900,Chlorophyll,17.37,ug/l,0,m,ReservatÃƒÂ³rio TaiaÃƒÂ§,Reservoir,-235.786,-462.781,Brazil,Cetesb,South,Winter,Brazil,1,8586,8790,8348,7946,8114,7774,7598,8067,7284,10250,6180,5253,100,0,1024,872.601,0.0341,0.017118489,-14.232.033.291.806.400,Humidity,No_Snow,Clouds High,POINT (-46.278055555555554 -23.578611111111112)
4895,14/05/2019,15/05/2019,15:10,13:22:41,BROA02800,Chlorophyll,17.37,ug/l,0,m,Represa do Broa - BROA,Reservoir,-221.767,-478.994,Brazil,Cetesb,South,Autumn,Brazil,1,8573,7779,7213,6721,7442,7200,6962,7022,6709,15698,1660,1966,81,0,1024,62.747,0.643,0.013417633,-0.762616857,Humidity,No_Snow,Clouds High,POINT (-47.89944444444444 -22.17666666666667)
4826,11/06/2019,11/06/2019,14:40,13:12:51,TGDE00900,Chlorophyll,17.37,ug/l,0,m,ReservatÃƒÂ³rio de Tanque Grande,Reservoir,-233.772,-464.597,Brazil,Cetesb,South,Autumn,Brazil,0,254,154,292,155,544,2043,2491,2582,2750,2565,1163,483,0,0,0,182.623,10.899,-0.796798887,-21.887.628.493.150.600,Drought,No_Snow,Vegetation,POINT (-46.45972222222223 -23.377222222222223)
3914,15/10/2020,13/10/2020,13:03,13:12:51,RGDE02900,Chlorophyll,17.64,ug/l,0,m,ReservatÃƒÂ³rio do Rio Grande,Reservoir,-237.711,-465.342,Brazil,Cetesb,South,Spring,Brazil,2,351,585,886,852,1344,1981,2168,2343,2284,1405,2112,1442,0,0,0,0.1302,0.4232,-0.451223289,-2.352.094.383.747.170,Drought,No_Snow,Bare Soils,POINT (-46.53416666666666 -23.77111111111111)
4054,02/06/2020,31/05/2020,10:15,13:12:49,JCRE00500,Chlorophyll,17.64,ug/l,0,m,ReservatÃƒÂ³rio do Rio JacareÃƒÂ­-UGR,Reservoir,-229.711,-464.008,Brazil,Cetesb,South,Autumn,Brazil,2,143,234,382,210,177,67,75,60,27,46,32,38,0,0,0,0.3151,1.476,0.728506787,-0.691769885,Water_Surface,No_Snow,Water,POINT (-46.40083333333333 -22.97111111111111)
4398,28/11/2019,28/11/2019,09:35,13:12:41,JQJU00900,Chlorophyll,17.82,ug/l,0,m,ReservatÃƒÂ³rio do Juqueri ou Paiva Castro,Reservoir,-233.403,-466.625,Brazil,Cetesb,South,Spring,Brazil,0,13005,11130,10690,10182,9929,9988,10230,9610,10326,2854,6049,4376,100,0,1024,999.478,0,0.05320197,-0.9580625,Humidity,No_Snow,Clouds High,POINT (-46.6625 -23.34027777777777)
4198,11/04/2020,11/04/2020,11:20,13:12:39,JCRE00500,Chlorophyll,18.27,ug/l,0,m,ReservatÃƒÂ³rio do Rio JacareÃƒÂ­-UGR,Reservoir,-229.711,-464.008,Brazil,Cetesb,South,Autumn,Brazil,0,581,626,732,398,463,543,596,511,584,1115,450,404,0,0,0,402.265,0.5802,0.177795656,-13.930.278.251.366.100,Humidity,No_Snow,Water,POINT (-46.40083333333333 -22.97111111111111)
4050,02/06/2020,31/05/2020,09:11,13:12:49,JARI00800,Chlorophyll,18.29,ug/l,0,m,ReservatÃƒÂ³rio Jaguari - UGRHI 05,Reservoir,-229.278,-464.242,Brazil,Cetesb,South,Autumn,Brazil,2,114,203,307,133,119,47,76,61,54,50,45,43,0,0,0,0.3151,1.476,0.668478261,-0.787766932,Water_Surface,No_Snow,Water,POINT (-46.424166666666665 -22.92777777777778)
4408,28/11/2019,26/11/2019,11:15,13:22:29,SOIT02900,Chlorophyll,18.71,ug/l,0,m,ReservatÃƒÂ³rio Itupararanga,Reservoir,-236.117,-473.978,Brazil,Cetesb,South,Spring,Brazil,2,505,487,677,496,990,2275,2701,2836,2849,2691,1944,1111,0,0,0,517.531,0.1569,-0.614574438,-24.104.895.893.648.400,Drought,No_Snow,Vegetation,POINT (-47.397777777777776 -23.611666666666668)
4007,07/07/2020,05/07/2020,13:38,13:12:51,JARI00800,Chlorophyll,18.71,ug/l,0,m,ReservatÃƒÂ³rio Jaguari - UGRHI 05,Reservoir,-229.278,-464.242,Brazil,Cetesb,South,Winter,Brazil,2,982,784,1060,1005,1245,1538,1637,1356,1769,3200,1807,1561,2,0,0,393.462,18.279,-0.122516556,-22.698.081.509.433.900,Drought,No_Snow,Cirrus,POINT (-46.424166666666665 -22.92777777777778)
4497,07/10/2019,07/10/2019,11:30,13:22:39,SOIT02100,Chlorophyll,18.98,ug/l,0,m,ReservatÃƒÂ³rio Itupararanga,Reservoir,-236.072,-472.956,Brazil,Cetesb,South,Spring,Brazil,0,6105,6460,6400,6331,6747,6585,6525,6654,6428,15382,5861,5304,100,0,1024,995.208,0,-0.019457638,-17.263.650.000.000.000,Drought,No_Snow,Clouds High,POINT (-47.29555555555555 -23.607222222222223)
4874,16/05/2019,15/05/2019,12:49,13:22:41,SOIT02100,Chlorophyll,19.09,ug/l,0,m,ReservatÃƒÂ³rio Itupararanga,Reservoir,-236.072,-472.956,Brazil,Cetesb,South,Autumn,Brazil,1,325,394,787,483,1303,3402,3797,3908,3942,4593,2185,1095,0,0,0,625.835,0.3606,-0.664749734,-19.240.869.174.078.700,Drought,No_Snow,Vegetation,POINT (-47.29555555555555 -23.607222222222223)
3984,15/07/2020,15/07/2020,10:20,13:12:51,JNDI00500,Chlorophyll,19.09,ug/l,0,m,ReservatÃƒÂ³rio do Rio JundiaÃƒÂ­ - UGR,Reservoir,-236.492,-461.978,Brazil,Cetesb,South,Winter,Brazil,0,10720,10148,9588,9030,9325,9027,8896,8868,8744,9407,6299,4698,100,0,1024,976.392,0.0002,0.039011704,-11.887.978.256.153.500,Humidity,No_Snow,Clouds High,POINT (-46.19777777777777 -23.649166666666662)
4174,02/05/2020,01/05/2020,11:39,13:12:39,CACH00500,Chlorophyll,22.28,ug/l,0,m,ReservatÃƒÂ³rio do Rio Cachoeira,Reservoir,-230.336,-46.29,Brazil,Cetesb,South,Autumn,Brazil,1,225,277,436,222,199,138,130,113,131,135,80,77,0,0,0,23.344,0.9818,0.588342441,-0.792170606,Water_Surface,No_Snow,Water,POINT (-46.29 -23.03361111111112)
4764,16/07/2019,17/07/2019,10:00,13:32:31,TITR02100,Chlorophyll,22.72,ug/l,0,m,ReservatÃƒÂ³rio de TrÃƒÂªs Ir,Reservoir,-210.483,-504.675,Brazil,Cetesb,South,Winter,Brazil,1,283,279,461,411,414,377,396,361,355,960,306,286,0,0,0,408.608,23.537,0.121654501,-12.118.085.292.841.600,Humidity,No_Snow,Water,POINT (-50.4675 -21.048333333333336)
5052,22/01/2019,22/01/2019,10:20,13:12:41,BILL02900,Chlorophyll,23.63,ug/l,0,m,ReservatÃƒÂ³rio Billings,Reservoir,-238.178,-465.231,Brazil,Cetesb,South,Summer,Brazil,0,706,741,997,764,1428,2765,3368,3147,3359,3597,2416,1508,0,0,0,47.912,0.4083,-0.518822394,-2.320.679.301.905.710,Drought,No_Snow,Vegetation,POINT (-46.52305555555555 -23.817777777777778)
4261,11/03/2020,10/03/2020,13:26,13:22:31,TIRG02900,Chlorophyll,24.06,ug/l,0,m,ReservatÃƒÂ³rio de RasgÃƒ,Reservoir,-233.828,-470.294,Brazil,Cetesb,South,Summer,Brazil,1,713,1074,1356,1499,1879,1876,2041,1862,1744,2190,2023,1260,1,0,0,0.2832,0.5563,-0.157240522,-1.753.726.938.053.090,Drought,No_Snow,Clowds Low,POINT (-47.02944444444445 -23.38277777777778)
3888,11/11/2020,12/11/2020,10:40,13:12:51,JNDI00500,Chlorophyll,24.06,ug/l,0,m,ReservatÃƒÂ³rio do Rio JundiaÃƒÂ­ - UGR,Reservoir,-236.492,-461.978,Brazil,Cetesb,South,Spring,Brazil,1,5051,4852,4776,4539,4810,5116,5117,4998,5133,9756,3641,3094,100,0,1024,993.407,0.001,-0.022713321,-15.125.673.433.835.800,Drought,No_Snow,Clouds High,POINT (-46.19777777777777 -23.649166666666662)
4633,19/09/2019,19/09/2019,12:31,13:12:41,RGDE02030,Chlorophyll,24.06,ug/l,0,m,ReservatÃƒÂ³rio do Rio Grande,Reservoir,-237.417,-464.164,Brazil,Cetesb,South,Winter,Brazil,0,244,254,390,360,381,219,214,129,155,344,154,113,0,0,0,66.806,0.3812,0.502890173,-0.924781641,Water_Surface,No_Snow,Water,POINT (-46.41638888888889 -23.741666666666667)
4832,11/06/2019,11/06/2019,11:51,13:12:51,RGDE02030,Chlorophyll,25.13,ug/l,0,m,ReservatÃƒÂ³rio do Rio Grande,Reservoir,-237.417,-464.164,Brazil,Cetesb,South,Autumn,Brazil,0,,,,,,,,,,,,,0,0,0,91.178,32.327,,,Humidity,Snow,Uncknow,POINT (-46.41638888888889 -23.741666666666667)
4640,18/09/2019,17/09/2019,10:50,13:22:29,BROA02800,Chlorophyll,25.13,ug/l,0,m,Represa do Broa - BROA,Reservoir,-221.767,-478.994,Brazil,Cetesb,South,Winter,Brazil,1,302,389,590,317,378,199,205,156,140,105,83,70,0,0,0,14.468,0.5434,0.581769437,-0.747998102,Water_Surface,No_Snow,Water,POINT (-47.89944444444444 -22.17666666666667)
4868,22/05/2019,22/05/2019,13:12,13:12:51,BILL02900,Chlorophyll,25.5,ug/l,0,m,ReservatÃƒÂ³rio Billings,Reservoir,-238.178,-465.231,Brazil,Cetesb,South,Autumn,Brazil,0,383,453,729,732,1217,2091,2436,2621,2856,2809,2439,1547,0,0,0,9.592,10.925,-0.564776119,-28.404.322.249.657.000,Drought,No_Snow,Vegetation,POINT (-46.52305555555555 -23.817777777777778)
4043,07/06/2020,05/06/2020,09:53,13:12:51,GUAR00900,Chlorophyll,26.43,ug/l,0,m,ReservatÃƒÂ³rio do Guarapiranga,Reservoir,-236.742,-467.278,Brazil,Cetesb,South,Autumn,Brazil,2,2833,2744,2999,3042,3021,3300,3487,3592,3696,5571,3262,3028,100,0,1024,993.213,0.0053,-0.089971173,-19.040.535.471.823.900,Drought,No_Snow,Clouds High,POINT (-46.72777777777778 -23.674166666666668)
4167,03/05/2020,01/05/2020,16:55,13:12:39,BILL02900,Chlorophyll,26.73,ug/l,0,m,ReservatÃƒÂ³rio Billings,Reservoir,-238.178,-465.231,Brazil,Cetesb,South,Autumn,Brazil,2,739,820,909,828,1289,2177,2549,2646,2849,2899,2433,1532,0,0,0,450.905,10.009,-0.488607595,-2.672.970.745.874.580,Drought,No_Snow,Vegetation,POINT (-46.52305555555555 -23.817777777777778)
4924,12/04/2019,12/04/2019,12:07,13:12:51,BILL02900,Chlorophyll,26.73,ug/l,0,m,ReservatÃƒÂ³rio Billings,Reservoir,-238.178,-465.231,Brazil,Cetesb,South,Autumn,Brazil,0,467,553,836,700,1291,2388,2676,2985,3140,3168,2268,1405,0,0,0,347.427,0.364,-0.562418215,-2.406.149.263.157.890,Drought,No_Snow,Vegetation,POINT (-46.52305555555555 -23.817777777777778)
4023,30/06/2020,30/06/2020,11:45,13:12:49,RGDE02200,Chlorophyll,26.73,ug/l,0,m,ReservatÃƒÂ³rio do Rio Grande,Reservoir,-237.372,-464.461,Brazil,Cetesb,South,Winter,Brazil,0,2515,2367,2215,2004,2369,2677,2768,2802,2885,8686,2092,1960,44,0,2048,748.588,15.041,-0.117002193,-19.099.428.713.318.200,Drought,No_Snow,Clouds Medim,POINT (-46.44611111111111 -23.737222222222226)
5000,21/02/2019,19/02/2019,13:25,13:22:29,ATSG02800,Chlorophyll,27.45,ug/l,0,m,ReservatÃƒÂ³rio de Salto Grande (UGRHI 05),Reservoir,-227.161,-472.672,Brazil,Cetesb,South,Summer,Brazil,2,9903,9804,9302,8674,9164,8447,8190,8406,7769,15572,3232,1846,100,0,1024,276.682,10.303,0.0505986,-0.625866835,Humidity,No_Snow,Clouds High,POINT (-47.26722222222222 -22.71611111111111)
3962,19/08/2020,19/08/2020,11:11,13:12:49,GUAR00900,Chlorophyll,27.49,ug/l,0,m,ReservatÃƒÂ³rio do Guarapiranga,Reservoir,-236.742,-467.278,Brazil,Cetesb,South,Winter,Brazil,0,539,617,615,504,543,492,486,461,445,965,323,271,0,0,0,50.641,0.8668,0.143122677,-141.932.243.902.439,Humidity,No_Snow,Water,POINT (-46.72777777777778 -23.674166666666668)
4410,28/11/2019,26/11/2019,09:50,13:22:29,SOIT02100,Chlorophyll,28.33,ug/l,0,m,ReservatÃƒÂ³rio Itupararanga,Reservoir,-236.072,-472.956,Brazil,Cetesb,South,Spring,Brazil,2,502,600,1022,1023,1786,2805,3049,3044,3245,3150,2870,2036,0,0,0,517.531,0.1569,-0.497294638,-2.683.052.360.078.270,Drought,No_Snow,Vegetation,POINT (-47.29555555555555 -23.607222222222223)
4762,16/07/2019,14/07/2019,09:59,13:22:41,TIBB02100,Chlorophyll,28.87,ug/l,0,m,ReservatÃƒÂ³rio de Barra Bonita,Reservoir,-226.128,-483.478,Brazil,Cetesb,South,Winter,Brazil,2,222,208,302,197,267,159,165,130,123,80,40,42,0,0,0,0.2571,0.658,0.398148148,-0.80917057,Water_Surface,No_Snow,Water,POINT (-48.34777777777778 -22.61277777777778)
3929,11/10/2020,09/10/2020,08:30,13:32:31,RMAR02900,Chlorophyll,29.7,ug/l,0,m,ReservatÃƒÂ³rio do CÃƒÂ³rrego Marinhei,Reservoir,-204.053,-499.567,Brazil,Cetesb,South,Spring,Brazil,2,1440,1391,1478,1494,1699,1623,1652,1488,1506,1855,978,720,24,0,0,351.641,0.0002,-0.003371544,-13.655.214.614.343.700,Drought,No_Snow,Clouds Medim,POINT (-49.95666666666667 -20.405277777777776)
4266,03/03/2020,02/03/2020,12:30,13:12:39,SOIT02100,Chlorophyll,29.78,ug/l,0,m,ReservatÃƒÂ³rio Itupararanga,Reservoir,-236.072,-472.956,Brazil,Cetesb,South,Summer,Brazil,1,4949,6061,5650,5207,5585,5560,5576,6037,5435,11690,4428,3644,100,0,1024,988.693,0.0329,-0.033113716,-15.523.151.150.442.400,Drought,No_Snow,Clouds High,POINT (-47.29555555555555 -23.607222222222223)
4775,16/07/2019,16/07/2019,12:52,13:12:49,GUAR00100,Chlorophyll,30.74,ug/l,0,m,ReservatÃƒÂ³rio do Guarapiranga,Reservoir,-237.542,-467.269,Brazil,Cetesb,South,Winter,Brazil,0,6936,6602,6243,6038,6206,6202,6286,6235,6279,5820,4097,2750,100,0,1024,872.601,0.0341,0.000641128,-12.411.217.574.883.800,Humidity,No_Snow,Clouds High,POINT (-46.72694444444445 -23.754166666666663)
3993,07/07/2020,08/07/2020,09:09,13:22:41,TIBB02700,Chlorophyll,30.98,ug/l,0,m,ReservatÃƒÂ³rio de Barra Bonita,Reservoir,-225.442,-484.467,Brazil,Cetesb,South,Winter,Brazil,1,94,134,255,203,221,184,191,178,190,303,160,137,0,0,0,487.856,0.4259,0.177829099,-10.558.490.980.392.100,Humidity,No_Snow,Water,POINT (-48.446666666666665 -22.54416666666667)
4765,16/07/2019,16/07/2019,14:04,13:12:49,GUAR00900,Chlorophyll,32.97,ug/l,0,m,ReservatÃƒÂ³rio do Guarapiranga,Reservoir,-236.742,-467.278,Brazil,Cetesb,South,Winter,Brazil,0,11565,11744,10932,10320,10519,9994,9760,10352,9371,13628,5713,3921,100,0,1024,872.601,0.0341,0.027250517,-0.86650514,Humidity,No_Snow,Clouds High,POINT (-46.72777777777778 -23.674166666666668)
4009,07/07/2020,08/07/2020,14:19,13:22:41,BROA02800,Chlorophyll,33.15,ug/l,0,m,Represa do Broa - BROA,Reservoir,-221.767,-478.994,Brazil,Cetesb,South,Winter,Brazil,1,996,984,1104,955,1105,1133,1155,1172,1130,3067,888,773,6,0,2048,942.653,0.062,-0.029876977,-15.639.695.072.463.700,Drought,No_Snow,Clouds Medim,POINT (-47.89944444444444 -22.17666666666667)
3862,02/12/2020,30/11/2020,11:17,13:22:29,ATSG02800,Chlorophyll,33.86,ug/l,0,m,ReservatÃƒÂ³rio de Salto Grande (UGRHI 05),Reservoir,-227.161,-472.672,Brazil,Cetesb,South,Spring,Brazil,2,723,878,1024,753,1022,1117,1268,1280,1095,932,589,454,0,0,0,120.495,0.4824,-0.111111111,-124.962.925,Drought,No_Snow,Water,POINT (-47.26722222222222 -22.71611111111111)
4612,01/10/2019,30/09/2019,09:50,13:32:29,TITR02100,Chlorophyll,33.99,ug/l,0,m,ReservatÃƒÂ³rio de TrÃƒÂªs Ir,Reservoir,-210.483,-504.675,Brazil,Cetesb,South,Spring,Brazil,1,452,566,808,611,710,563,567,528,474,1051,395,336,0,0,0,0.0134,0.3627,0.209580838,-10.857.446.336.633.600,Water_Surface,No_Snow,Water,POINT (-50.4675 -21.048333333333336)
4324,22/01/2020,20/01/2020,09:57,13:22:31,TIBB02100,Chlorophyll,35.08,ug/l,0,m,ReservatÃƒÂ³rio de Barra Bonita,Reservoir,-226.128,-483.478,Brazil,Cetesb,South,Summer,Brazil,2,259,338,439,268,404,308,291,293,228,234,137,79,0,0,0,125.352,0.364,0.199453552,-0.927586105,Humidity,No_Snow,Water,POINT (-48.34777777777778 -22.61277777777778)
4988,14/03/2019,13/03/2019,10:10,13:12:41,RGDE02900,Chlorophyll,37.96,ug/l,0,m,ReservatÃƒÂ³rio do Rio Grande,Reservoir,-237.711,-465.342,Brazil,Cetesb,South,Summer,Brazil,1,239,268,425,293,620,972,1096,1060,1243,945,909,479,0,0,0,211.146,0.9137,-0.427609428,-17.845.390.588.235.200,Drought,No_Snow,Vegetation,POINT (-46.53416666666666 -23.77111111111111)
4334,14/01/2020,13/01/2020,10:25,13:32:21,TIPR02990,Chlorophyll,39.56,ug/l,0,m,ReservatÃƒÂ³rio de PromissÃƒ,Reservoir,-212.972,-497.825,Brazil,Cetesb,South,Summer,Brazil,1,1402,984,1205,948,1208,1488,1776,1019,1948,2877,1296,1317,6,0,1024,817.503,0.0198,0.083633094,-19.249.515.684.647.300,Humidity,No_Snow,Water,POINT (-49.7825 -21.297222222222224)
4323,22/01/2020,20/01/2020,10:48,13:22:31,TIBB02700,Chlorophyll,39.65,ug/l,0,m,ReservatÃƒÂ³rio de Barra Bonita,Reservoir,-225.442,-484.467,Brazil,Cetesb,South,Summer,Brazil,2,332,347,469,320,472,362,372,283,295,210,172,139,0,0,0,125.352,0.364,0.247340426,-10.148.553.347.547.900,Water_Surface,No_Snow,Water,POINT (-48.446666666666665 -22.54416666666667)
3954,19/08/2020,19/08/2020,11:21,13:12:49,RGDE02200,Chlorophyll,39.75,ug/l,0,m,ReservatÃƒÂ³rio do Rio Grande,Reservoir,-237.372,-464.461,Brazil,Cetesb,South,Winter,Brazil,0,400,430,434,360,456,439,450,458,464,1158,299,236,0,0,0,50.641,0.8668,-0.02690583,-15.193.902.119.815.600,Drought,No_Snow,Water,POINT (-46.44611111111111 -23.737222222222226)
4859,22/05/2019,22/05/2019,12:41,13:12:51,BILL02500,Chlorophyll,39.83,ug/l,0,m,ReservatÃƒÂ³rio Billings,Reservoir,-237.908,-465.983,Brazil,Cetesb,South,Autumn,Brazil,0,152,141,226,127,164,72,73,62,53,16,40,29,0,0,0,9.592,10.925,0.569444444,-0.741272389,Water_Surface,No_Snow,Water,POINT (-46.598333333333336 -23.79083333333333)
4774,16/07/2019,14/07/2019,10:31,13:22:41,TIBB02700,Chlorophyll,39.83,ug/l,0,m,ReservatÃƒÂ³rio de Barra Bonita,Reservoir,-225.442,-484.467,Brazil,Cetesb,South,Winter,Brazil,2,167,186,270,172,196,159,132,140,112,71,50,31,0,0,0,0.2571,0.658,0.317073171,-0.787751704,Water_Surface,No_Snow,Water,POINT (-48.446666666666665 -22.54416666666667)
4205,11/04/2020,11/04/2020,10:30,13:12:39,JARI00800,Chlorophyll,40.1,ug/l,0,m,ReservatÃƒÂ³rio Jaguari - UGRHI 05,Reservoir,-229.278,-464.242,Brazil,Cetesb,South,Autumn,Brazil,0,252,313,590,231,243,89,100,78,69,38,51,39,0,0,0,402.265,0.5802,0.766467066,-0.569346169,Water_Surface,No_Snow,Water,POINT (-46.424166666666665 -22.92777777777778)
4905,11/05/2019,12/05/2019,14:28,13:12:51,GUAR00900,Chlorophyll,40.63,ug/l,0,m,ReservatÃƒÂ³rio do Guarapiranga,Reservoir,-236.742,-467.278,Brazil,Cetesb,South,Autumn,Brazil,1,440,352,393,266,315,236,246,192,194,87,114,79,0,0,0,534.235,12.177,0.343589744,-10.774.561.119.592.800,Water_Surface,No_Snow,Water,POINT (-46.72777777777778 -23.674166666666668)
4934,12/04/2019,12/04/2019,12:46,13:12:51,BILL02500,Chlorophyll,40.99,ug/l,0,m,ReservatÃƒÂ³rio Billings,Reservoir,-237.908,-465.983,Brazil,Cetesb,South,Autumn,Brazil,0,557,470,474,395,459,508,568,543,582,1525,364,310,0,0,2048,347.427,0.364,-0.067846608,-16.311.376.202.531.600,Drought,No_Snow,Cirrus,POINT (-46.598333333333336 -23.79083333333333)
4857,22/05/2019,22/05/2019,10:27,13:12:51,BILL02100,Chlorophyll,41.77,ug/l,0,m,ReservatÃƒÂ³rio Billings,Reservoir,-237.492,-466.478,Brazil,Cetesb,South,Autumn,Brazil,0,192,194,293,157,217,88,82,64,50,10,20,25,0,0,0,9.592,10.925,0.641456583,-0.730936273,Water_Surface,No_Snow,Water,POINT (-46.647777777777776 -23.749166666666667)
4370,11/12/2019,11/12/2019,11:09,13:22:31,BROA02800,Chlorophyll,42.23,ug/l,0,m,Represa do Broa - BROA,Reservoir,-221.767,-478.994,Brazil,Cetesb,South,Spring,Brazil,0,9460,9520,9754,9832,9584,9650,9736,10098,9760,5598,1985,2086,34,0,1024,999.557,0,-0.017328229,-0.319746822,Drought,No_Snow,Clouds Medim,POINT (-47.89944444444444 -22.17666666666667)
3857,03/12/2020,02/12/2020,11:45,13:12:41,GUAR00900,Chlorophyll,42.77,ug/l,0,m,ReservatÃƒÂ³rio do Guarapiranga,Reservoir,-236.742,-467.278,Brazil,Cetesb,South,Spring,Brazil,1,6409,5688,5386,5151,5631,5510,5355,5152,5256,15083,3832,3645,100,0,1024,852.391,0.0007,0.022205352,-15.512.218.447.827.700,Humidity,No_Snow,Clouds High,POINT (-46.72777777777778 -23.674166666666668)
3853,03/12/2020,02/12/2020,10:50,13:12:41,GUAR00100,Chlorophyll,43.25,ug/l,0,m,ReservatÃƒÂ³rio do Guarapiranga,Reservoir,-237.542,-467.269,Brazil,Cetesb,South,Spring,Brazil,1,8084,7410,6979,6649,7221,7016,6877,6704,6754,15781,4162,3915,100,0,1024,852.391,0.0007,0.020097932,-1.306.973.318.813.580,Humidity,No_Snow,Clouds High,POINT (-46.72694444444445 -23.754166666666663)
4440,21/11/2019,19/11/2019,09:10,13:32:19,TITR02100,Chlorophyll,43.44,ug/l,0,m,ReservatÃƒÂ³rio de TrÃƒÂªs Ir,Reservoir,-210.483,-504.675,Brazil,Cetesb,South,Spring,Brazil,2,453,497,730,475,642,550,605,490,506,1281,389,311,0,0,0,9.575,0.352,0.196721311,-10.847.293.150.684.900,Humidity,No_Snow,Water,POINT (-50.4675 -21.048333333333336)
5091,13/12/2018,14/12/2018,12:25,13:32:19,CASC02050,Chlorophyll,45.62,ug/l,0,m,ReservatÃƒÂ³rio Cascata,Reservoir,-222.133,-499.228,Brazil,Cetesb,South,Spring,Brazil,1,269,288,490,327,824,2271,2809,2730,3094,2761,1572,777,0,0,0,0.5133,0.2379,-0.695652174,-2.202.977.387.755.100,Drought,No_Snow,Vegetation,POINT (-49.922777777777775 -22.21333333333333)
4694,01/08/2019,31/07/2019,12:32,13:12:51,GUAR00900,Chlorophyll,46.59,ug/l,0,m,ReservatÃƒÂ³rio do Guarapiranga,Reservoir,-236.742,-467.278,Brazil,Cetesb,South,Winter,Brazil,1,75,85,137,73,80,29,37,45,29,10,39,32,0,0,0,0.1458,12.505,0.505494505,-0.848734599,Water_Surface,No_Snow,Water,POINT (-46.72777777777778 -23.674166666666668)
4431,26/11/2019,24/11/2019,09:00,13:32:31,RMAR02900,Chlorophyll,48.1,ug/l,0,m,ReservatÃƒÂ³rio do CÃƒÂ³rrego Marinhei,Reservoir,-204.053,-499.567,Brazil,Cetesb,South,Spring,Brazil,2,8735,9086,8392,7840,8888,8497,8059,7912,7802,15936,6061,4846,100,0,1024,860.308,0.0992,0.029440628,-13.970.685.262.154.400,Humidity,No_Snow,Clouds High,POINT (-49.95666666666667 -20.405277777777776)
4037,15/06/2020,16/06/2020,14:20,13:32:29,TIPR02990,Chlorophyll,48.11,ug/l,0,m,ReservatÃƒÂ³rio de PromissÃƒ,Reservoir,-212.972,-497.825,Brazil,Cetesb,South,Autumn,Brazil,1,36,206,466,196,295,112,118,75,73,33,55,40,0,0,0,0.0176,0.2444,0.722735675,-0.506864996,Water_Surface,No_Snow,Water,POINT (-49.7825 -21.297222222222224)
3901,27/10/2020,28/10/2020,10:49,13:12:49,GUAR00100,Chlorophyll,48.11,ug/l,0,m,ReservatÃƒÂ³rio do Guarapiranga,Reservoir,-237.542,-467.269,Brazil,Cetesb,South,Spring,Brazil,1,276,340,393,307,332,153,195,163,124,133,68,66,0,0,0,0.1929,0.3576,0.413669065,-10.088.108.804.071.200,Water_Surface,No_Snow,Water,POINT (-46.72694444444445 -23.754166666666663)
3850,16/12/2020,17/12/2020,12:05,13:12:39,GUAR00900,Chlorophyll,49,ug/l,0,m,ReservatÃƒÂ³rio do Guarapiranga,Reservoir,-236.742,-467.278,Brazil,Cetesb,South,Spring,Brazil,1,8171,7761,7403,6968,7560,7327,7152,7315,6901,15820,5538,4407,100,0,1024,985.803,0.0004,0.005979073,-1.416.761.976.496.010,Humidity,No_Snow,Clouds High,POINT (-46.72777777777778 -23.674166666666668)
5040,22/01/2019,22/01/2019,13:40,13:12:41,RGDE02200,Chlorophyll,49.45,ug/l,0,m,ReservatÃƒÂ³rio do Rio Grande,Reservoir,-237.372,-464.461,Brazil,Cetesb,South,Summer,Brazil,0,846,593,667,482,604,509,557,501,405,845,421,303,0,0,0,47.912,0.4083,0.142123288,-1.326.028.335.832.080,Humidity,No_Snow,Water,POINT (-46.44611111111111 -23.737222222222226)
4850,22/05/2019,22/05/2019,10:00,13:12:51,BILL02030,Chlorophyll,49.76,ug/l,0,m,ReservatÃƒÂ³rio Billings,Reservoir,-237.178,-466.642,Brazil,Cetesb,South,Autumn,Brazil,0,198,217,358,184,270,119,109,84,50,7,31,25,0,0,0,9.592,10.925,0.619909502,-0.656541654,Water_Surface,No_Snow,Water,POINT (-46.66416666666667 -23.717777777777776)
4728,25/07/2019,26/07/2019,12:41,13:12:49,BILL02900,Chlorophyll,49.9,ug/l,0,m,ReservatÃƒÂ³rio Billings,Reservoir,-238.178,-465.231,Brazil,Cetesb,South,Winter,Brazil,1,395,616,796,778,1298,1935,2241,2337,2605,2797,2546,1715,0,0,0,130.228,1.361,-0.491860836,-3.042.195.959.798.990,Drought,No_Snow,Vegetation,POINT (-46.52305555555555 -23.817777777777778)
4723,25/07/2019,26/07/2019,13:12,13:12:49,BILL02500,Chlorophyll,50.12,ug/l,0,m,ReservatÃƒÂ³rio Billings,Reservoir,-237.908,-465.983,Brazil,Cetesb,South,Winter,Brazil,1,208,292,364,202,224,116,97,90,82,31,48,27,0,0,0,130.228,1.361,0.603524229,-0.857557626,Water_Surface,No_Snow,Water,POINT (-46.598333333333336 -23.79083333333333)
3912,15/10/2020,13/10/2020,11:23,13:12:51,RGDE02030,Chlorophyll,53.46,ug/l,0,m,ReservatÃƒÂ³rio do Rio Grande,Reservoir,-237.417,-464.164,Brazil,Cetesb,South,Spring,Brazil,2,173,136,172,216,188,1,11,5,8,184,77,60,0,0,0,0.1302,0.4232,0.943502825,-11.330.868.837.209.300,Water_Surface,No_Snow,Water,POINT (-46.41638888888889 -23.741666666666667)
4815,27/06/2019,27/06/2019,15:50,13:32:31,CASC02050,Chlorophyll,55.24,ug/l,0,m,ReservatÃƒÂ³rio Cascata,Reservoir,-222.133,-499.228,Brazil,Cetesb,South,Winter,Brazil,0,2439,1371,1127,1051,1361,1900,2103,1989,2379,5471,1825,1820,8,0,0,248.685,15.015,-0.276636714,-28.638.988.251.996.400,Drought,No_Snow,Clowds Low,POINT (-49.922777777777775 -22.21333333333333)
3881,11/11/2020,10/11/2020,10:46,13:22:39,ATSG02800,Chlorophyll,57.35,ug/l,0,m,ReservatÃƒÂ³rio de Salto Grande (UGRHI 05),Reservoir,-227.161,-472.672,Brazil,Cetesb,South,Spring,Brazil,1,4382,4195,4094,3918,4297,4380,4413,4422,4450,10459,4230,4261,100,0,1024,916.025,0.0062,-0.038515735,-2.040.837.651.196.870,Drought,No_Snow,Clouds High,POINT (-47.26722222222222 -22.71611111111111)
4159,03/05/2020,01/05/2020,13:32,13:12:39,BILL02100,Chlorophyll,57.74,ug/l,0,m,ReservatÃƒÂ³rio Billings,Reservoir,-237.492,-466.478,Brazil,Cetesb,South,Autumn,Brazil,2,608,708,901,485,1159,1744,1727,1567,1496,1170,325,126,0,0,0,450.905,10.009,-0.269854133,-0.85183018,Drought,No_Snow,Water,POINT (-46.647777777777776 -23.749166666666667)
4158,03/05/2020,01/05/2020,16:21,13:12:39,BILL02500,Chlorophyll,57.74,ug/l,0,m,ReservatÃƒÂ³rio Billings,Reservoir,-237.908,-465.983,Brazil,Cetesb,South,Autumn,Brazil,2,600,642,872,466,1008,1052,991,920,839,693,200,83,0,0,0,450.905,10.009,-0.026785714,-0.770134018,Drought,No_Snow,Water,POINT (-46.598333333333336 -23.79083333333333)
4275,27/02/2020,27/02/2020,15:15,13:32:19,CASC02050,Chlorophyll,58.27,ug/l,0,m,ReservatÃƒÂ³rio Cascata,Reservoir,-222.133,-499.228,Brazil,Cetesb,South,Summer,Brazil,0,7327,7129,6664,6331,6901,6861,6846,6743,6815,13008,4619,3095,100,0,1024,838.668,0.0084,-0.005892444,-12.855.456.854.741.800,Drought,No_Snow,Clouds High,POINT (-49.922777777777775 -22.21333333333333)
4448,13/11/2019,11/11/2019,09:22,13:22:41,TIBB02700,Chlorophyll,62.48,ug/l,0,m,ReservatÃƒÂ³rio de Barra Bonita,Reservoir,-225.442,-484.467,Brazil,Cetesb,South,Spring,Brazil,2,699,662,775,690,751,630,609,541,581,447,520,456,0,0,0,772.571,0.1523,0.17781155,-14.223.646.451.612.900,Humidity,No_Snow,Water,POINT (-48.446666666666665 -22.54416666666667)
4441,20/11/2019,19/11/2019,08:40,13:32:19,RPRE02200,Chlorophyll,64.2,ug/l,0,m,ReservatÃƒÂ³rio do Rio Preto,Reservoir,-208.094,-493.761,Brazil,Cetesb,South,Spring,Brazil,1,1044,1344,1735,2148,2364,2438,2626,2441,2561,2382,2938,2849,0,0,0,50.717,0.2233,-0.169061303,-24.828.506.974.063.400,Drought,No_Snow,Bare Soils,POINT (-49.37611111111112 -20.809444444444445)
3930,30/09/2020,28/09/2020,11:39,13:12:49,GUAR00900,Chlorophyll,66.29,ug/l,0,m,ReservatÃƒÂ³rio do Guarapiranga,Reservoir,-236.742,-467.278,Brazil,Cetesb,South,Spring,Brazil,2,8894,8898,8135,7427,7961,7320,6880,7428,6554,15893,3113,3490,100,0,1024,997.727,0.002,0.045428259,-100.646.270.436.386,Humidity,No_Snow,Clouds High,POINT (-46.72777777777778 -23.674166666666668)
4935,12/04/2019,12/04/2019,14:33,13:12:51,BILL02100,Chlorophyll,73.51,ug/l,0,m,ReservatÃƒÂ³rio Billings,Reservoir,-237.492,-466.478,Brazil,Cetesb,South,Autumn,Brazil,0,482,448,592,389,553,441,432,421,393,873,225,203,0,0,0,347.427,0.364,0.168805528,-1.071.690.162.162.160,Humidity,No_Snow,Cirrus,POINT (-46.647777777777776 -23.749166666666667)
3935,23/09/2020,23/09/2020,13:08,13:12:51,BILL02100,Chlorophyll,76.45,ug/l,0,m,ReservatÃƒÂ³rio Billings,Reservoir,-237.492,-466.478,Brazil,Cetesb,South,Spring,Brazil,0,6544,6087,5868,5600,6013,5754,5662,5453,5575,6615,5241,4655,100,0,1024,872.961,0.0641,0.036657539,-1.745.550.680.299.930,Humidity,No_Snow,Clouds High,POINT (-46.647777777777776 -23.749166666666667)
4451,13/11/2019,11/11/2019,08:44,13:22:41,TIBB02100,Chlorophyll,78.28,ug/l,0,m,ReservatÃƒÂ³rio de Barra Bonita,Reservoir,-226.128,-483.478,Brazil,Cetesb,South,Spring,Brazil,2,631,616,707,585,721,540,540,488,467,368,421,356,0,0,0,772.571,0.1523,0.183263598,-1.352.843.196.605.370,Humidity,No_Snow,Water,POINT (-48.34777777777778 -22.61277777777778)
4163,03/05/2020,01/05/2020,13:03,13:12:39,BILL02030,Chlorophyll,78.85,ug/l,0,m,ReservatÃƒÂ³rio Billings,Reservoir,-237.178,-466.642,Brazil,Cetesb,South,Autumn,Brazil,2,602,702,940,496,1090,1438,1367,1230,1183,856,280,102,0,0,0,450.905,10.009,-0.133640553,-0.787343149,Drought,No_Snow,Water,POINT (-46.66416666666667 -23.717777777777776)
4711,30/07/2019,29/07/2019,14:40,13:22:39,TIPR02400,Chlorophyll,82.33,ug/l,0,m,ReservatÃƒÂ³rio de PromissÃƒ,Reservoir,-216.403,-492.853,Brazil,Cetesb,South,Winter,Brazil,1,3142,3192,3213,3137,3499,3411,3372,3562,3389,9684,4061,4044,100,0,1024,860.826,0.0823,-0.051512915,-2.301.368.840.336.130,Drought,No_Snow,Clouds High,POINT (-49.28527777777778 -21.640277777777776)
4896,14/05/2019,12/05/2019,12:42,13:12:51,GUAR00900,Chlorophyll,87.67,ug/l,0,m,ReservatÃƒÂ³rio do Guarapiranga,Reservoir,-236.742,-467.278,Brazil,Cetesb,South,Autumn,Brazil,2,440,352,393,266,315,236,246,192,194,87,114,79,0,0,0,534.235,12.177,0.343589744,-10.774.561.119.592.800,Water_Surface,No_Snow,Water,POINT (-46.72777777777778 -23.674166666666668)
4362,12/01/2020,10/01/2020,08:39,13:22:31,TIBB02700,Chlorophyll,92.22,ug/l,0,m,ReservatÃƒÂ³rio de Barra Bonita,Reservoir,-225.442,-484.467,Brazil,Cetesb,South,Summer,Brazil,2,820,713,919,696,901,999,1093,833,1012,2916,775,689,0,0,2048,460.592,0.338,0.049086758,-15.149.432.731.229.500,Humidity,No_Snow,Cirrus,POINT (-48.446666666666665 -22.54416666666667)
3906,27/10/2020,28/10/2020,11:20,13:12:49,GUAR00900,Chlorophyll,94.09,ug/l,0,m,ReservatÃƒÂ³rio do Guarapiranga,Reservoir,-236.742,-467.278,Brazil,Cetesb,South,Spring,Brazil,1,184,265,311,219,277,165,198,167,158,135,114,139,0,0,0,0.1929,0.3576,0.30125523,-12.853.433.697.749.100,Water_Surface,No_Snow,Water,POINT (-46.72777777777778 -23.674166666666668)
3980,21/07/2020,20/07/2020,11:59,13:12:49,BILL02100,Chlorophyll,96.23,ug/l,0,m,ReservatÃƒÂ³rio Billings,Reservoir,-237.492,-466.478,Brazil,Cetesb,South,Winter,Brazil,1,149,285,570,245,611,307,290,243,140,32,18,23,0,0,0,0.489,14.247,0.402214022,-0.504062877,Water_Surface,No_Snow,Water,POINT (-46.647777777777776 -23.749166666666667)
3990,13/07/2020,11/07/2020,15:10,13:32:31,CASC02050,Chlorophyll,105.14,ug/l,0,m,ReservatÃƒÂ³rio Cascata,Reservoir,-222.133,-499.228,Brazil,Cetesb,South,Winter,Brazil,2,219,191,357,311,671,1858,2211,2314,2627,2320,1451,700,0,0,0,34.753,0.1719,-0.732684388,-25.335.463.193.277.300,Drought,No_Snow,Vegetation,POINT (-49.922777777777775 -22.21333333333333)
5066,16/01/2019,15/01/2019,10:31,13:22:31,TIBB02700,Chlorophyll,106.03,ug/l,0,m,ReservatÃƒÂ³rio de Barra Bonita,Reservoir,-225.442,-484.467,Brazil,Cetesb,South,Summer,Brazil,1,3088,2649,2758,2388,2875,3078,3260,3393,3364,12179,2853,2923,61,0,2048,634.906,0.1286,-0.103235246,-19.982.005.685.279.100,Drought,No_Snow,Clouds Medim,POINT (-48.446666666666665 -22.54416666666667)
4702,01/08/2019,31/07/2019,11:35,13:12:51,GUAR00100,Chlorophyll,116.85,ug/l,0,m,ReservatÃƒÂ³rio do Guarapiranga,Reservoir,-237.542,-467.269,Brazil,Cetesb,South,Winter,Brazil,1,94,94,159,96,149,58,64,44,40,33,40,36,0,0,0,0.1458,12.505,0.566502463,-0.810846063,Water_Surface,No_Snow,Water,POINT (-46.72694444444445 -23.754166666666663)
4672,29/08/2019,28/08/2019,11:51,13:22:39,ATSG02800,Chlorophyll,123.63,ug/l,0,m,ReservatÃƒÂ³rio de Salto Grande (UGRHI 05),Reservoir,-227.161,-472.672,Brazil,Cetesb,South,Winter,Brazil,1,141,320,768,289,1071,1451,1466,1337,1162,574,122,71,0,0,0,183.311,22.708,-0.270308789,-0.435130583,Drought,No_Snow,Vegetation,POINT (-47.26722222222222 -22.71611111111111)
4906,11/05/2019,12/05/2019,12:34,13:12:51,GUAR00100,Chlorophyll,128.3,ug/l,0,m,ReservatÃƒÂ³rio do Guarapiranga,Reservoir,-237.542,-467.269,Brazil,Cetesb,South,Autumn,Brazil,1,4453,4434,4001,3417,3774,3902,3899,4192,3941,14562,3134,2867,100,0,2048,534.235,12.177,-0.023312584,-17.202.338.015.496.100,Drought,No_Snow,Clouds High,POINT (-46.72694444444445 -23.754166666666663)
4434,26/11/2019,24/11/2019,14:30,13:32:31,TIPR02400,Chlorophyll,140.78,ug/l,0,m,ReservatÃƒÂ³rio de PromissÃƒ,Reservoir,-216.403,-492.853,Brazil,Cetesb,South,Spring,Brazil,2,6449,6684,6180,5707,5767,5324,5185,5625,5212,9151,5042,4278,100,0,1024,976.385,0,0.047013977,-16.475.544.077.669.900,Humidity,No_Snow,Clouds High,POINT (-49.28527777777778 -21.640277777777776)
4889,14/05/2019,12/05/2019,13:48,13:12:51,GUAR00100,Chlorophyll,155.7,ug/l,0,m,ReservatÃƒÂ³rio do Guarapiranga,Reservoir,-237.542,-467.269,Brazil,Cetesb,South,Autumn,Brazil,2,4453,4434,4001,3417,3774,3902,3899,4192,3941,14562,3134,2867,100,0,2048,534.235,12.177,-0.023312584,-17.202.338.015.496.100,Drought,No_Snow,Clouds High,POINT (-46.72694444444445 -23.754166666666663)
4938,12/04/2019,12/04/2019,15:33,13:12:51,BILL02030,Chlorophyll,168.93,ug/l,0,m,ReservatÃƒÂ³rio Billings,Reservoir,-237.178,-466.642,Brazil,Cetesb,South,Autumn,Brazil,0,672,598,696,554,668,633,656,615,621,1517,416,371,0,0,2048,347.427,0.364,0.061784897,-1.366.701.379.310.340,Humidity,No_Snow,Cirrus,POINT (-46.66416666666667 -23.717777777777776)
5078,16/01/2019,15/01/2019,09:55,13:22:31,TIBB02100,Chlorophyll,174.96,ug/l,0,m,ReservatÃƒÂ³rio de Barra Bonita,Reservoir,-226.128,-483.478,Brazil,Cetesb,South,Summer,Brazil,1,1973,1972,2251,1912,2536,2856,2779,2642,2175,7264,2617,1908,13,0,2048,634.906,0.1286,-0.079910076,-17.403.983.651.710.300,Drought,No_Snow,Cirrus,POINT (-48.34777777777778 -22.61277777777778)
3897,28/10/2020,28/10/2020,10:20,13:12:49,BILL02100,Chlorophyll,232.55,ug/l,0,m,ReservatÃƒÂ³rio Billings,Reservoir,-237.492,-466.478,Brazil,Cetesb,South,Spring,Brazil,0,334,481,761,413,989,767,768,664,467,259,172,162,0,0,0,0.1929,0.3576,0.068070175,-0.795972867,Humidity,No_Snow,Water,POINT (-46.647777777777776 -23.749166666666667)
5047,22/01/2019,22/01/2019,12:18,13:12:41,BILL02100,Chlorophyll,311.4,ug/l,0,m,ReservatÃƒÂ³rio Billings,Reservoir,-237.492,-466.478,Brazil,Cetesb,South,Summer,Brazil,0,403,438,792,356,1070,706,725,551,405,123,40,30,0,0,0,47.912,0.4083,0.179448995,-0.533745091,Humidity,No_Snow,Water,POINT (-46.647777777777776 -23.749166666666667)
4013,01/07/2020,01/07/2020,13:55,13:32:31,TIPR02400,Chlorophyll,393.82,ug/l,0,m,ReservatÃƒÂ³rio de PromissÃƒ,Reservoir,-216.403,-492.853,Brazil,Cetesb,South,Winter,Brazil,0,3786,3919,3409,3066,3351,3343,3337,3605,3325,8073,2567,2509,100,0,1024,991.707,0.0637,-0.027944112,-177.941.694.925.198,Drought,No_Snow,Clouds High,POINT (-49.28527777777778 -21.640277777777776)
5060,22/01/2019,22/01/2019,13:16,13:12:41,BILL02030,Chlorophyll,574.7,ug/l,0,m,ReservatÃƒÂ³rio Billings,Reservoir,-237.178,-466.642,Brazil,Cetesb,South,Summer,Brazil,0,395,443,837,349,1593,3679,3782,3184,2971,2750,208,62,0,0,0,47.912,0.4083,-0.58368565,-0.466825281,Drought,No_Snow,Vegetation,POINT (-46.66416666666667 -23.717777777777776)
5086,15/01/2019,13/01/2019,10:00,13:32:29,TIPR02990,Chlorophyll,630.83,ug/l,0,m,ReservatÃƒÂ³rio de PromissÃƒ,Reservoir,-212.972,-497.825,Brazil,Cetesb,South,Summer,Brazil,2,546,546,931,552,867,637,671,482,581,716,471,374,0,0,0,343.324,0.1253,0.317763623,-0.964544748,Water_Surface,No_Snow,Water,POINT (-49.7825 -21.297222222222224)
4996,01/03/2019,27/02/2019,13:45,13:32:21,TIPR02400,Chlorophyll,844.67,ug/l,0,m,ReservatÃƒÂ³rio de PromissÃƒ,Reservoir,-216.403,-492.853,Brazil,Cetesb,South,Summer,Brazil,2,4125,3763,3560,3108,3327,3365,3379,3430,3401,9567,2811,2602,100,0,1024,887.975,0.0101,0.018597997,-1.705.493.348.314.600,Humidity,No_Snow,Clouds High,POINT (-49.28527777777778 -21.640277777777776)
3890,08/11/2020,08/11/2020,13:50,13:32:31,TIPR02990,Chlorophyll,8339.76,ug/l,0,m,ReservatÃƒÂ³rio de PromissÃƒ,Reservoir,-212.972,-497.825,Brazil,Cetesb,South,Spring,Brazil,0,948,1012,1198,1125,1207,1073,1126,1010,1086,963,1005,906,9,0,0,10.842,0.1575,0.085144928,-1.581.513.669.449.080,Humidity,No_Snow,Water,POINT (-49.7825 -21.297222222222224)