BAND_1,BAND_2,BAND_3,BAND_4,BAND_5,BAND_6,BAND_7,BAND_8,BAND_8A,BAND_9,BAND_11,BAND_12,VALUE,CLASSE
0.0329,0.040400000000000005,0.064,0.0263,0.020800000000000003,0.0108,0.012,0.0106,0.0115,0.0021000000000000003,0.015300000000000001,0.0134,2.88,0
0.033,0.0351,0.0507,0.019100000000000002,0.0154,0.0077,0.009600000000000001,0.0078000000000000005,0.008,0.006900000000000001,0.0058000000000000005,0.0055000000000000005,1.8,0
0.0446,0.041,0.0577,0.0273,0.0251,0.019100000000000002,0.021,0.0187,0.020900000000000002,0.017400000000000002,0.018000000000000002,0.0182,1.39,0
0.0362,0.0392,0.057100000000000005,0.021,0.0161,0.010700000000000001,0.0108,0.0092,0.0086,0.0066,0.0048000000000000004,0.0045000000000000005,1.67,0
0.0432,0.0456,0.061700000000000005,0.030600000000000002,0.0262,0.019100000000000002,0.0188,0.0183,0.0171,0.0148,0.017400000000000002,0.015700000000000002,1.81,0
0.0502,0.0551,0.0723,0.0448,0.0415,0.027100000000000003,0.0291,0.0268,0.0253,0.018000000000000002,0.027700000000000002,0.023100000000000002,2.77,0
0.0328,0.033800000000000004,0.0489,0.0175,0.0145,0.0083,0.007,0.007200000000000001,0.006900000000000001,0.0053,0.0047,0.004,1.81,0
0.0323,0.0327,0.0489,0.0176,0.0142,0.0092,0.0091,0.007200000000000001,0.0077,0.0068000000000000005,0.0046,0.0045000000000000005,1.73,0
0.032600000000000004,0.031400000000000004,0.0448,0.0161,0.0132,0.0091,0.0088,0.0076,0.0067,0.0074,0.0039000000000000003,0.0035,1.19,0
0.032100000000000004,0.0335,0.047,0.0158,0.0128,0.007200000000000001,0.0073,0.006900000000000001,0.0063,0.0036000000000000003,0.0085,0.0077,1.42,0
0.0345,0.0359,0.055400000000000005,0.0222,0.019,0.0134,0.015000000000000001,0.0118,0.012400000000000001,0.0152,0.0219,0.016,2.51,0
0.0454,0.0313,0.045000000000000005,0.0175,0.014700000000000001,0.0108,0.012700000000000001,0.0109,0.0129,0.0858,0.019700000000000002,0.014100000000000001,1.36,0
0.033800000000000004,0.0333,0.0489,0.0177,0.014700000000000001,0.0073,0.008,0.007,0.0064,0.005,0.0053,0.0031000000000000003,1.8,0
0.0488,0.0504,0.065,0.038,0.033600000000000005,0.0252,0.0252,0.0251,0.0233,0.027600000000000003,0.0235,0.020800000000000003,1.9,0
0.033,0.0342,0.049300000000000004,0.017,0.014400000000000001,0.0095,0.0102,0.0078000000000000005,0.006900000000000001,0.0059,0.0047,0.0037,1.63,0
0.0363,0.0391,0.0613,0.0224,0.017400000000000002,0.0088,0.011000000000000001,0.0086,0.009600000000000001,0.0098,0.0122,0.0097,2.42,0
0.046200000000000005,0.0536,0.0661,0.0376,0.0363,0.028800000000000003,0.028200000000000003,0.0285,0.0274,0.018000000000000002,0.0257,0.0206,2.06,0
0.045000000000000005,0.0456,0.0597,0.029500000000000002,0.0269,0.0206,0.0201,0.018600000000000002,0.019700000000000002,0.0155,0.021,0.020200000000000003,1.27,0
0.0679,0.0709,0.0884,0.0637,0.06430000000000001,0.0512,0.0526,0.046900000000000004,0.05,0.0426,0.046400000000000004,0.040100000000000004,1.36,0
0.048600000000000004,0.0489,0.0648,0.0347,0.0323,0.027100000000000003,0.0274,0.024200000000000003,0.0257,0.0217,0.0245,0.022500000000000003,1.29,0
0.0342,0.034800000000000005,0.052700000000000004,0.0181,0.014400000000000001,0.007200000000000001,0.0073,0.006,0.0055000000000000005,0.0048000000000000004,0.0068000000000000005,0.0054,1.97,0
0.0334,0.0334,0.049300000000000004,0.017,0.013600000000000001,0.008,0.0088,0.0073,0.006900000000000001,0.0046,0.0045000000000000005,0.0036000000000000003,1.59,0
0.0332,0.0333,0.0492,0.017,0.014400000000000001,0.009000000000000001,0.0102,0.0077,0.0078000000000000005,0.0055000000000000005,0.0044,0.0031000000000000003,1.48,0
0.0461,0.051300000000000005,0.0655,0.0351,0.0308,0.0253,0.0268,0.0241,0.024800000000000003,0.018000000000000002,0.0227,0.0219,1.39,0
0.051500000000000004,0.053200000000000004,0.068,0.0395,0.0363,0.0327,0.031100000000000003,0.029400000000000003,0.031100000000000003,0.022000000000000002,0.0275,0.0236,1.29,0
0.0553,0.056600000000000004,0.0775,0.0594,0.0543,0.0349,0.0357,0.0352,0.036500000000000005,0.058600000000000006,0.0359,0.030000000000000002,3.67,0
0.0545,0.0485,0.0683,0.0363,0.0354,0.0298,0.028,0.0244,0.0292,0.0256,0.0279,0.0273,1.4,0
0.032,0.032600000000000004,0.046200000000000005,0.0161,0.0131,0.008,0.0086,0.0076,0.006900000000000001,0.007200000000000001,0.0048000000000000004,0.0045000000000000005,1.27,0
0.055400000000000005,0.057800000000000004,0.07060000000000001,0.0412,0.0396,0.033600000000000005,0.033800000000000004,0.0304,0.028900000000000002,0.0275,0.0302,0.0275,1.31,0
0.0531,0.054900000000000004,0.07150000000000001,0.0379,0.035,0.0298,0.0308,0.026000000000000002,0.027100000000000003,0.0235,0.025,0.0239,1.48,0
0.0375,0.0417,0.0574,0.0236,0.0211,0.0148,0.0155,0.012700000000000001,0.0119,0.007500000000000001,0.0103,0.008700000000000001,1.55,0
0.0329,0.0359,0.051300000000000005,0.0176,0.0131,0.0077,0.0078000000000000005,0.006500000000000001,0.0058000000000000005,0.0038,0.0041,0.0022,1.64,0
0.049,0.0468,0.062200000000000005,0.031100000000000003,0.0281,0.023100000000000002,0.022500000000000003,0.0196,0.0236,0.0188,0.0182,0.0184,1.55,0
0.032600000000000004,0.0329,0.0476,0.0164,0.013600000000000001,0.008400000000000001,0.0094,0.0076,0.0082,0.0082,0.008700000000000001,0.0071,1.25,0
0.046900000000000004,0.0507,0.0655,0.0359,0.0337,0.0287,0.0281,0.027,0.0285,0.0211,0.0218,0.022600000000000002,1.34,0
0.0632,0.0726,0.0881,0.0603,0.058800000000000005,0.05,0.0511,0.0449,0.0442,0.0432,0.0223,0.0149,2.5,0
0.06670000000000001,0.0718,0.0782,0.0591,0.061000000000000006,0.052500000000000005,0.0514,0.0456,0.0444,0.0548,0.0279,0.0207,1.15,0
0.0589,0.0683,0.0806,0.052000000000000005,0.051300000000000005,0.043000000000000003,0.043000000000000003,0.038,0.0398,0.037000000000000005,0.0199,0.015700000000000002,2.91,0
0.0608,0.0721,0.0862,0.0582,0.054,0.0455,0.0456,0.039,0.038400000000000004,0.0349,0.0206,0.0143,3.64,0
0.0558,0.06470000000000001,0.0781,0.0477,0.0455,0.0366,0.0361,0.031400000000000004,0.0303,0.029500000000000002,0.015600000000000001,0.0115,2.46,0
0.0574,0.0644,0.0776,0.0494,0.0476,0.0376,0.0374,0.0324,0.0304,0.0313,0.014400000000000001,0.009300000000000001,3.08,0
0.0589,0.0703,0.0868,0.0545,0.050300000000000004,0.0415,0.040100000000000004,0.0363,0.0349,0.0337,0.0159,0.011600000000000001,3.35,0
0.0572,0.0674,0.0789,0.0485,0.0471,0.0402,0.0397,0.0346,0.0335,0.032600000000000004,0.0158,0.01,2.08,0
0.061900000000000004,0.07150000000000001,0.0874,0.0589,0.0551,0.0439,0.043500000000000004,0.0388,0.0388,0.0502,0.027100000000000003,0.019200000000000002,2.92,0
0.060700000000000004,0.06860000000000001,0.0804,0.0531,0.0514,0.0456,0.0458,0.039400000000000004,0.0405,0.0396,0.0201,0.0152,2.29,0
0.0632,0.0732,0.08850000000000001,0.059500000000000004,0.057800000000000004,0.0494,0.0497,0.0432,0.0437,0.043500000000000004,0.0218,0.015700000000000002,2.5,0
0.0606,0.0675,0.0742,0.0505,0.047400000000000005,0.041600000000000005,0.0413,0.0362,0.035,0.039400000000000004,0.0177,0.012400000000000001,1.6,0
0.0639,0.0711,0.083,0.054200000000000005,0.0509,0.042100000000000005,0.0425,0.0359,0.0358,0.0359,0.0172,0.011300000000000001,3.1,0
0.06430000000000001,0.0709,0.0781,0.0521,0.051000000000000004,0.0439,0.0448,0.0395,0.037200000000000004,0.044000000000000004,0.019700000000000002,0.0135,1.36,0
0.06910000000000001,0.0784,0.09530000000000001,0.0674,0.06520000000000001,0.056100000000000004,0.0565,0.0494,0.049300000000000004,0.0551,0.025900000000000003,0.020300000000000002,2.44,0
0.0679,0.0755,0.0903,0.061900000000000004,0.0591,0.050300000000000004,0.050300000000000004,0.043300000000000005,0.0419,0.046900000000000004,0.0223,0.0161,3.0,0
0.0699,0.0792,0.0956,0.06520000000000001,0.059000000000000004,0.049,0.0482,0.0409,0.0408,0.045000000000000005,0.0179,0.012400000000000001,3.67,0
0.0671,0.07400000000000001,0.0776,0.056600000000000004,0.0557,0.0497,0.050100000000000006,0.0442,0.042800000000000005,0.049100000000000005,0.0193,0.011600000000000001,1.04,0
0.0673,0.0734,0.0762,0.0538,0.053700000000000005,0.0458,0.045700000000000005,0.0393,0.0368,0.0494,0.017,0.012700000000000001,1.18,0
0.0669,0.07390000000000001,0.0762,0.053200000000000004,0.0517,0.0468,0.0456,0.041,0.038700000000000005,0.0456,0.0184,0.0129,1.06,0
0.0673,0.0741,0.0772,0.0536,0.052700000000000004,0.0458,0.0454,0.04,0.0375,0.0494,0.0171,0.013300000000000001,1.18,0
0.0679,0.0758,0.0922,0.0629,0.059800000000000006,0.050100000000000006,0.050100000000000006,0.0434,0.0437,0.046900000000000004,0.0222,0.0161,3.0,0
0.0697,0.0772,0.093,0.0668,0.0653,0.056100000000000004,0.0575,0.05,0.047900000000000005,0.0562,0.025900000000000003,0.020900000000000002,2.44,0
0.06430000000000001,0.0695,0.0771,0.052700000000000004,0.0517,0.0466,0.0448,0.0398,0.0392,0.044000000000000004,0.0204,0.0135,1.36,0
0.0606,0.0682,0.07440000000000001,0.049600000000000005,0.0478,0.0413,0.0407,0.0357,0.035300000000000005,0.0409,0.0181,0.0125,1.6,0
0.061500000000000006,0.0695,0.0847,0.054200000000000005,0.0524,0.043500000000000004,0.0442,0.037200000000000004,0.0371,0.0359,0.0213,0.0165,2.63,0
0.0579,0.068,0.0813,0.0512,0.048400000000000006,0.038200000000000005,0.0385,0.034300000000000004,0.033,0.0328,0.013900000000000001,0.0094,2.52,0
0.0591,0.067,0.0799,0.0506,0.0483,0.0413,0.042100000000000005,0.0356,0.0345,0.0358,0.0151,0.011000000000000001,2.76,0
0.0608,0.0712,0.0879,0.0589,0.0546,0.0449,0.045700000000000005,0.0393,0.037000000000000005,0.0349,0.0211,0.014100000000000001,3.64,0
0.0669,0.0743,0.0758,0.0531,0.053700000000000005,0.0473,0.046400000000000004,0.0395,0.0392,0.0456,0.0184,0.0126,1.06,0
0.0582,0.0685,0.08560000000000001,0.0512,0.0477,0.0373,0.0369,0.0317,0.0316,0.031900000000000005,0.0176,0.0137,2.73,0
0.0567,0.0679,0.08070000000000001,0.0505,0.047,0.0368,0.0366,0.032,0.0292,0.0315,0.013800000000000002,0.0094,2.73,0
0.06960000000000001,0.07980000000000001,0.0971,0.0654,0.0603,0.0488,0.0478,0.0422,0.042100000000000005,0.0453,0.018000000000000002,0.012,3.67,0
0.0589,0.06910000000000001,0.0833,0.053200000000000004,0.0504,0.0381,0.038,0.033800000000000004,0.0318,0.033100000000000004,0.0148,0.0106,3.41,0
0.0671,0.0751,0.0782,0.056400000000000006,0.0558,0.049800000000000004,0.0506,0.0436,0.0437,0.049100000000000005,0.0181,0.0119,1.04,0
0.0587,0.0679,0.0804,0.0516,0.0482,0.0388,0.0383,0.0334,0.0315,0.032,0.015000000000000001,0.0106,3.23,0
0.0591,0.0699,0.08120000000000001,0.0511,0.0499,0.0413,0.0414,0.0363,0.035300000000000005,0.035300000000000005,0.0161,0.0105,2.76,0
0.0591,0.0678,0.08070000000000001,0.0531,0.050100000000000006,0.0438,0.0439,0.0381,0.0374,0.0367,0.0201,0.015600000000000001,2.91,0
0.061500000000000006,0.0717,0.08660000000000001,0.055,0.0514,0.043300000000000005,0.044700000000000004,0.0376,0.0396,0.0359,0.0222,0.0171,2.63,0
0.0582,0.06860000000000001,0.08,0.0516,0.048,0.0392,0.038400000000000004,0.0339,0.0339,0.0325,0.0149,0.0106,3.23,0
0.0558,0.0651,0.07680000000000001,0.0475,0.0441,0.0362,0.036000000000000004,0.0316,0.0303,0.029500000000000002,0.015600000000000001,0.0111,2.46,0
0.0579,0.0683,0.0801,0.0504,0.0477,0.0396,0.0395,0.0342,0.0323,0.0328,0.013800000000000002,0.0099,2.52,0
0.0582,0.0682,0.0828,0.053500000000000006,0.049300000000000004,0.0376,0.0383,0.033600000000000005,0.031900000000000005,0.0339,0.014,0.0106,3.41,0
0.0574,0.06430000000000001,0.0785,0.049300000000000004,0.046900000000000004,0.0373,0.037000000000000005,0.0327,0.029500000000000002,0.0313,0.014400000000000001,0.009300000000000001,3.08,0
0.0567,0.068,0.0805,0.0499,0.046900000000000004,0.0376,0.036500000000000005,0.0323,0.0292,0.0315,0.013800000000000002,0.0092,2.73,0
0.0582,0.0684,0.0844,0.051300000000000005,0.0473,0.0369,0.037000000000000005,0.032100000000000004,0.0315,0.030600000000000002,0.0167,0.013000000000000001,2.73,0
0.06330000000000001,0.0714,0.08360000000000001,0.0546,0.051500000000000004,0.0419,0.0427,0.036500000000000005,0.0362,0.0363,0.016900000000000002,0.011600000000000001,3.1,0
0.060700000000000004,0.07060000000000001,0.0806,0.0543,0.0521,0.0458,0.0477,0.0405,0.0405,0.0396,0.020300000000000002,0.0149,2.29,0
0.061900000000000004,0.0718,0.0859,0.0568,0.0538,0.0436,0.0442,0.0368,0.035500000000000004,0.0502,0.0238,0.019100000000000002,2.92,0
0.0572,0.067,0.079,0.0487,0.0473,0.040400000000000005,0.0405,0.035,0.033800000000000004,0.032600000000000004,0.0152,0.0092,2.08,0
0.059500000000000004,0.0721,0.0863,0.0546,0.0523,0.042100000000000005,0.040400000000000005,0.035500000000000004,0.0347,0.033100000000000004,0.0162,0.0117,3.35,0
0.0359,0.042,0.0599,0.024300000000000002,0.0193,0.0122,0.012,0.010400000000000001,0.0105,0.006,0.0055000000000000005,0.0043,0.98,0
0.043300000000000005,0.042,0.0499,0.0298,0.0285,0.024300000000000002,0.0245,0.0217,0.020800000000000003,0.0224,0.0115,0.008,0.55,0
0.0207,0.027600000000000003,0.0323,0.010400000000000001,0.0076,0.0057,0.0056,0.005,0.0038,0.0046,0.004200000000000001,0.0038,0.6,0
0.0487,0.048600000000000004,0.0545,0.028,0.0257,0.021500000000000002,0.021400000000000002,0.018500000000000003,0.0183,0.0223,0.0112,0.0089,0.49,0
0.020900000000000002,0.030000000000000002,0.039400000000000004,0.0146,0.0123,0.0089,0.009000000000000001,0.008400000000000001,0.008,0.0068000000000000005,0.0045000000000000005,0.0039000000000000003,1.04,0
0.022000000000000002,0.029,0.0317,0.0132,0.0129,0.010100000000000001,0.0103,0.0088,0.0083,0.008700000000000001,0.0054,0.0048000000000000004,0.47,0
0.0195,0.0258,0.028900000000000002,0.0111,0.0095,0.0077,0.0082,0.0071,0.006500000000000001,0.006900000000000001,0.0045000000000000005,0.0044,0.51,0
0.017,0.024,0.030600000000000002,0.0108,0.0094,0.0061,0.0068000000000000005,0.0058000000000000005,0.005200000000000001,0.0053,0.0059,0.0048000000000000004,0.76,0
0.019,0.0287,0.039400000000000004,0.0165,0.0125,0.010100000000000001,0.011300000000000001,0.0098,0.0088,0.0063,0.0056,0.0046,1.06,0
0.0198,0.027800000000000002,0.0345,0.0134,0.011000000000000001,0.0089,0.0073,0.007,0.0073,0.007,0.006,0.0057,0.74,0
0.018000000000000002,0.026500000000000003,0.0316,0.013000000000000001,0.0103,0.0079,0.0095,0.0083,0.0071,0.0058000000000000005,0.0051,0.0036000000000000003,0.6,0
0.0177,0.026500000000000003,0.0324,0.0118,0.0078000000000000005,0.0067,0.007500000000000001,0.0068000000000000005,0.0055000000000000005,0.0067,0.006500000000000001,0.0053,0.66,0
0.0189,0.026500000000000003,0.0328,0.0129,0.0109,0.0086,0.009000000000000001,0.0078000000000000005,0.007,0.006200000000000001,0.0043,0.003,0.71,0
0.020200000000000003,0.028300000000000002,0.0334,0.013300000000000001,0.011300000000000001,0.009000000000000001,0.009600000000000001,0.0082,0.0079,0.0077,0.0044,0.0026000000000000003,0.72,0
0.0196,0.029,0.035300000000000005,0.0134,0.0102,0.0089,0.0082,0.007500000000000001,0.007200000000000001,0.0056,0.0059,0.0056,1.02,0
0.0176,0.028900000000000002,0.0402,0.014700000000000001,0.0119,0.0077,0.0082,0.0066,0.0046,0.0047,0.005,0.004200000000000001,1.15,0
0.016800000000000002,0.0279,0.036500000000000005,0.012400000000000001,0.0094,0.0073,0.0068000000000000005,0.007,0.0057,0.0053,0.0043,0.0035,0.98,0
0.0198,0.032600000000000004,0.042,0.0158,0.012700000000000001,0.0074,0.0091,0.0076,0.006500000000000001,0.0055000000000000005,0.0054,0.0046,1.16,0
0.0183,0.025400000000000002,0.031100000000000003,0.0114,0.0095,0.0077,0.0098,0.007200000000000001,0.0076,0.0076,0.004200000000000001,0.003,0.55,0
0.0183,0.0263,0.029500000000000002,0.011600000000000001,0.0097,0.0067,0.007200000000000001,0.0063,0.0067,0.0055000000000000005,0.0036000000000000003,0.0036000000000000003,0.64,0
0.020200000000000003,0.032100000000000004,0.0463,0.018500000000000003,0.0155,0.0089,0.008700000000000001,0.0088,0.0071,0.005200000000000001,0.007500000000000001,0.0054,1.91,0
0.0219,0.029500000000000002,0.0334,0.012100000000000001,0.0095,0.0074,0.0079,0.006900000000000001,0.0063,0.0064,0.0048000000000000004,0.0049,0.6,0
0.0224,0.0286,0.0333,0.014,0.012400000000000001,0.0098,0.0108,0.0088,0.008400000000000001,0.0077,0.0055000000000000005,0.004,0.53,0
0.019,0.026500000000000003,0.029500000000000002,0.011300000000000001,0.009600000000000001,0.0083,0.008400000000000001,0.006900000000000001,0.0064,0.007,0.0044,0.0047,0.51,0
0.019700000000000002,0.0281,0.0307,0.0129,0.0099,0.0099,0.0094,0.0082,0.007500000000000001,0.0081,0.0041,0.0034000000000000002,0.52,0
0.0218,0.028,0.0307,0.013300000000000001,0.011300000000000001,0.010100000000000001,0.0103,0.0085,0.0082,0.0076,0.0048000000000000004,0.0037,0.45,0
0.0217,0.0287,0.030600000000000002,0.0126,0.011300000000000001,0.0088,0.008700000000000001,0.0076,0.0077,0.0078000000000000005,0.0043,0.0035,0.51,0
0.019700000000000002,0.027100000000000003,0.0274,0.010700000000000001,0.0095,0.007500000000000001,0.0086,0.006900000000000001,0.0053,0.0067,0.0036000000000000003,0.0041,0.51,0
0.021,0.027600000000000003,0.0303,0.013000000000000001,0.0106,0.0088,0.009600000000000001,0.0083,0.0076,0.0079,0.0049,0.0046,0.49,0
0.0188,0.027,0.029400000000000003,0.0126,0.0119,0.0092,0.0089,0.008,0.006900000000000001,0.008,0.0043,0.0033,0.58,0
0.0206,0.027800000000000002,0.030100000000000002,0.012100000000000001,0.0112,0.008400000000000001,0.0085,0.0081,0.0079,0.0082,0.005,0.004,0.54,0
0.0189,0.025500000000000002,0.028,0.0122,0.0109,0.0091,0.009600000000000001,0.0082,0.0077,0.0077,0.0051,0.004,0.47,0
0.0188,0.025,0.028800000000000003,0.0108,0.0088,0.007500000000000001,0.0073,0.0061,0.0043,0.006,0.0044,0.0047,0.51,0
0.0211,0.0275,0.0303,0.013300000000000001,0.0109,0.0088,0.009300000000000001,0.0085,0.0089,0.0081,0.005,0.0043,0.49,0
0.018500000000000003,0.0204,0.029900000000000003,0.0117,0.0109,0.0078000000000000005,0.0077,0.0068000000000000005,0.0068000000000000005,0.004200000000000001,0.005200000000000001,0.005,0.82,0
0.020800000000000003,0.022600000000000002,0.032100000000000004,0.013000000000000001,0.011600000000000001,0.0067,0.0082,0.0068000000000000005,0.0079,0.0058000000000000005,0.0077,0.0054,0.77,0
0.0187,0.0188,0.028900000000000002,0.012700000000000001,0.0102,0.0095,0.0098,0.008,0.01,0.0036000000000000003,0.0051,0.0041,0.65,0
0.0199,0.0263,0.036000000000000004,0.014100000000000001,0.011000000000000001,0.0092,0.006900000000000001,0.0076,0.0078000000000000005,0.0054,0.0054,0.0043,0.98,0
0.0184,0.019700000000000002,0.0318,0.012100000000000001,0.0102,0.0063,0.006500000000000001,0.0055000000000000005,0.0059,0.004200000000000001,0.006200000000000001,0.0051,1.02,0
0.0176,0.0194,0.028300000000000002,0.011600000000000001,0.0102,0.0077,0.009000000000000001,0.0071,0.0066,0.0038,0.0048000000000000004,0.005200000000000001,0.73,0
0.0152,0.0183,0.024200000000000003,0.0109,0.007500000000000001,0.0067,0.006500000000000001,0.0064,0.0068000000000000005,0.006200000000000001,0.005200000000000001,0.0044,0.77,0
0.0184,0.0198,0.0268,0.0126,0.010700000000000001,0.0073,0.0088,0.007,0.006500000000000001,0.006200000000000001,0.0059,0.0041,0.67,0
0.018500000000000003,0.0245,0.038400000000000004,0.0142,0.011000000000000001,0.007200000000000001,0.007200000000000001,0.0077,0.0078000000000000005,0.0036000000000000003,0.0106,0.0078000000000000005,1.06,0
0.017400000000000002,0.019700000000000002,0.027800000000000002,0.0102,0.007500000000000001,0.004,0.004,0.0039000000000000003,0.0044,0.003,0.0064,0.0056,0.8,0
0.0154,0.014700000000000001,0.0287,0.010700000000000001,0.0106,0.0066,0.0078000000000000005,0.006200000000000001,0.0083,0.0056,0.006900000000000001,0.0043,0.53,0
0.0205,0.0228,0.0352,0.015300000000000001,0.0131,0.009000000000000001,0.0092,0.0086,0.0099,0.0046,0.0094,0.0078000000000000005,1.24,0
0.02,0.0211,0.028900000000000002,0.0122,0.009300000000000001,0.0074,0.0073,0.007,0.0073,0.0041,0.0078000000000000005,0.0074,0.75,0
0.021,0.029300000000000003,0.041600000000000005,0.0162,0.0137,0.0094,0.0082,0.008700000000000001,0.009600000000000001,0.0061,0.0081,0.0068000000000000005,1.03,0
0.0187,0.0193,0.025900000000000003,0.012100000000000001,0.0106,0.0081,0.0098,0.007500000000000001,0.008400000000000001,0.0082,0.005200000000000001,0.0038,0.58,0
0.022000000000000002,0.0297,0.0425,0.0164,0.012700000000000001,0.007500000000000001,0.0063,0.0064,0.007200000000000001,0.0024000000000000002,0.0083,0.006500000000000001,1.31,0
0.0235,0.030500000000000003,0.0429,0.0181,0.014400000000000001,0.0108,0.010700000000000001,0.0091,0.0108,0.0039000000000000003,0.0055000000000000005,0.0041,1.38,0
0.020800000000000003,0.030500000000000003,0.0419,0.0167,0.0137,0.0103,0.0097,0.009300000000000001,0.008700000000000001,0.0061,0.006,0.0023,1.31,0
0.019,0.0213,0.031400000000000004,0.0143,0.0129,0.0114,0.0088,0.009000000000000001,0.0094,0.0047,0.0099,0.008,0.84,0
0.0205,0.0206,0.0284,0.0122,0.010100000000000001,0.0071,0.0071,0.0076,0.01,0.0055000000000000005,0.0092,0.0077,0.56,0
0.013900000000000001,0.022500000000000003,0.0318,0.0129,0.010100000000000001,0.0083,0.0086,0.0071,0.0085,0.004200000000000001,0.0055000000000000005,0.0041,0.88,0
0.0211,0.0207,0.0269,0.0115,0.01,0.0088,0.0091,0.0076,0.0099,0.0057,0.0066,0.005200000000000001,0.61,0
0.0211,0.0296,0.0388,0.0146,0.0112,0.0081,0.0076,0.0058000000000000005,0.0048000000000000004,0.0043,0.0021000000000000003,0.002,1.34,0
0.0244,0.031900000000000005,0.0405,0.014,0.010100000000000001,0.0068000000000000005,0.0081,0.0059,0.0054,0.0039000000000000003,0.0019,0.0022,1.08,0
0.0211,0.0296,0.0388,0.0146,0.0112,0.0081,0.0076,0.0058000000000000005,0.0048000000000000004,0.0043,0.0021000000000000003,0.002,1.33,0
0.0188,0.0302,0.0441,0.019100000000000002,0.0154,0.0079,0.0085,0.007200000000000001,0.007500000000000001,0.0036000000000000003,0.0041,0.0001,0.99,0
0.0189,0.0324,0.0473,0.0189,0.0126,0.006200000000000001,0.0059,0.0049,0.0039000000000000003,0.0002,0.0037,0.0029000000000000002,0.97,0
0.0182,0.029900000000000003,0.0413,0.0173,0.0115,0.0047,0.0055000000000000005,0.0044,0.0017000000000000001,0.0006000000000000001,0.0028,0.0013000000000000002,1.26,0
0.0227,0.033,0.0437,0.0155,0.0106,0.0053,0.0064,0.0053,0.0043,0.0017000000000000001,0.0025,0.0019,0.81,0
0.018600000000000002,0.0302,0.042800000000000005,0.0182,0.014400000000000001,0.0067,0.0076,0.006,0.0049,0.0023,0.0026000000000000003,0.002,1.18,0
0.0178,0.0285,0.0392,0.0148,0.0122,0.008400000000000001,0.0092,0.0068000000000000005,0.0078000000000000005,0.0026000000000000003,0.0023,0.0011,1.51,0
0.0178,0.029400000000000003,0.0405,0.014,0.010100000000000001,0.0059,0.007,0.0049,0.0044,0.0011,0.0024000000000000002,0.001,1.04,0
0.0229,0.030000000000000002,0.0354,0.012700000000000001,0.011300000000000001,0.007500000000000001,0.0086,0.0058000000000000005,0.0059,0.0045000000000000005,0.0016,0.0023,0.99,0
0.023700000000000002,0.032100000000000004,0.0351,0.0135,0.011000000000000001,0.008400000000000001,0.0078000000000000005,0.006900000000000001,0.0053,0.0048000000000000004,0.0028,0.0025,0.97,0
0.024800000000000003,0.0342,0.0391,0.0134,0.0106,0.006200000000000001,0.0076,0.006200000000000001,0.0049,0.0045000000000000005,0.0017000000000000001,0.0011,1.18,0
0.0239,0.032600000000000004,0.0402,0.014100000000000001,0.0112,0.0068000000000000005,0.0068000000000000005,0.0056,0.006,0.004,0.0016,0.0017000000000000001,1.19,0
0.0245,0.0351,0.041800000000000004,0.0145,0.0111,0.007,0.0077,0.0059,0.0054,0.0037,0.0018000000000000002,0.0011,1.26,0
0.0264,0.0341,0.0444,0.0177,0.0114,0.0077,0.008400000000000001,0.006,0.0067,0.015000000000000001,0.0053,0.0032,1.51,0
0.0173,0.029300000000000003,0.0412,0.0145,0.010400000000000001,0.0041,0.006500000000000001,0.0054,0.0044,0.0012000000000000001,0.0028,0.005,1.08,0
0.021400000000000002,0.0292,0.035,0.012400000000000001,0.009000000000000001,0.006,0.007,0.0054,0.0058000000000000005,0.0034000000000000002,0.0019,0.0016,1.04,0
0.0219,0.0308,0.041600000000000005,0.0155,0.012400000000000001,0.006500000000000001,0.0079,0.006,0.005,0.004,0.0024000000000000002,0.0012000000000000001,1.44,0
0.022000000000000002,0.0323,0.0444,0.0166,0.0123,0.0067,0.0081,0.006,0.0041,0.0035,0.0025,0.0041,1.81,0
0.0221,0.031200000000000002,0.0407,0.014700000000000001,0.010400000000000001,0.0038,0.005200000000000001,0.0038,0.0034000000000000002,0.0014,0.0027,0.0014,1.39,0
0.0188,0.024,0.027700000000000002,0.011000000000000001,0.0091,0.006200000000000001,0.0055000000000000005,0.0046,0.0057,0.0044,0.0024000000000000002,0.0026000000000000003,0.81,0
0.0178,0.029500000000000002,0.041600000000000005,0.013300000000000001,0.0097,0.0048000000000000004,0.007,0.0048000000000000004,0.0044,0.0011,0.0022,0.0014,1.35,0
0.0173,0.029300000000000003,0.0412,0.0145,0.010400000000000001,0.0041,0.006500000000000001,0.0054,0.0044,0.0012000000000000001,0.0028,0.005,1.52,0
0.0178,0.0285,0.0392,0.0148,0.0122,0.008400000000000001,0.0092,0.0068000000000000005,0.0078000000000000005,0.0026000000000000003,0.0023,0.0011,1.44,0
0.0182,0.029900000000000003,0.0413,0.0173,0.0115,0.0047,0.0055000000000000005,0.0044,0.0017000000000000001,0.0006000000000000001,0.0028,0.0013000000000000002,1.62,0
0.023,0.031900000000000005,0.0437,0.018000000000000002,0.013900000000000001,0.0092,0.0099,0.0079,0.0076,0.0037,0.0032,0.0017000000000000001,1.6,0
0.0201,0.0303,0.038200000000000005,0.013900000000000001,0.0102,0.0058000000000000005,0.0086,0.0054,0.0046,0.004200000000000001,0.0016,0.0013000000000000002,1.46,0
0.023100000000000002,0.0327,0.044500000000000005,0.0159,0.0129,0.0082,0.0089,0.0064,0.0061,0.0056,0.0021000000000000003,0.0035,1.58,0
0.0211,0.032,0.046400000000000004,0.0241,0.0204,0.011600000000000001,0.0126,0.010100000000000001,0.0106,0.0443,0.0086,0.004200000000000001,1.93,0
0.024,0.0328,0.042100000000000005,0.0146,0.0115,0.008,0.0081,0.0067,0.0068000000000000005,0.004,0.0026000000000000003,0.002,1.38,0
0.025,0.0339,0.043300000000000005,0.013800000000000002,0.0106,0.0057,0.0064,0.0049,0.0046,0.0031000000000000003,0.0017000000000000001,0.0024000000000000002,1.4,0
0.0227,0.0332,0.0437,0.014700000000000001,0.010700000000000001,0.006,0.006900000000000001,0.005,0.0051,0.0017000000000000001,0.0026000000000000003,0.003,1.24,0
0.0227,0.032,0.0417,0.0167,0.013000000000000001,0.0078000000000000005,0.0078000000000000005,0.0073,0.005200000000000001,0.004,0.0036000000000000003,0.0016,1.36,0
0.0223,0.031900000000000005,0.0407,0.0148,0.0117,0.0083,0.0092,0.0059,0.0061,0.0058000000000000005,0.0026000000000000003,0.0028,1.41,0
0.0233,0.0329,0.041100000000000005,0.014700000000000001,0.0126,0.008400000000000001,0.0079,0.0068000000000000005,0.006,0.0046,0.0029000000000000002,0.0019,1.4,0
0.0188,0.0315,0.0453,0.0181,0.0146,0.0076,0.0091,0.007,0.0061,0.0036000000000000003,0.0039000000000000003,0.0031000000000000003,2.51,0
0.0189,0.031100000000000003,0.045700000000000005,0.0184,0.0137,0.0046,0.0077,0.0043,0.0048000000000000004,0.0009000000000000001,0.0034000000000000002,0.0034000000000000002,1.95,0
0.018600000000000002,0.0302,0.042800000000000005,0.0182,0.014400000000000001,0.0067,0.0076,0.006,0.0049,0.0023,0.0026000000000000003,0.002,2.14,0
0.021500000000000002,0.0296,0.0425,0.0148,0.0117,0.0057,0.0067,0.0048000000000000004,0.0049,0.0022,0.0018000000000000002,0.002,1.45,0
0.023700000000000002,0.029500000000000002,0.0475,0.016900000000000002,0.0137,0.0077,0.0081,0.0061,0.0059,0.0017000000000000001,0.003,0.0021000000000000003,4.94,0
0.029300000000000003,0.035300000000000005,0.059000000000000004,0.0234,0.019,0.009300000000000001,0.009600000000000001,0.007,0.0067,0.0012000000000000001,0.004200000000000001,0.003,8.33,0
0.0286,0.0392,0.056400000000000006,0.0211,0.0167,0.009000000000000001,0.01,0.0071,0.0068000000000000005,0.0037,0.0027,0.0017000000000000001,12.9,0
0.027200000000000002,0.0409,0.06860000000000001,0.0285,0.0223,0.010400000000000001,0.0103,0.008,0.0051,0.0017000000000000001,0.0022,0.0026000000000000003,21.3,0
0.053000000000000005,0.08020000000000001,0.15560000000000002,0.2117,0.202,0.0853,0.0874,0.0661,0.045200000000000004,0.011000000000000001,0.004200000000000001,0.0032,157.0,1
0.034800000000000005,0.0478,0.0636,0.0211,0.0158,0.008400000000000001,0.0095,0.0073,0.0073,0.005200000000000001,0.003,0.002,4.83,0
0.0804,0.0975,0.1452,0.1301,0.1027,0.0344,0.032,0.041800000000000004,0.0173,0.0229,0.0199,0.017,53.6,1
0.033,0.039,0.0699,0.028800000000000003,0.0239,0.0155,0.015000000000000001,0.014400000000000001,0.0132,0.0128,0.009000000000000001,0.0078000000000000005,12.6,0
0.0349,0.038200000000000005,0.0482,0.0179,0.015000000000000001,0.0122,0.0114,0.0102,0.0099,0.0077,0.0051,0.0039000000000000003,4.06,0
0.047400000000000005,0.057800000000000004,0.0951,0.057100000000000005,0.0528,0.029,0.0291,0.0262,0.024,0.018000000000000002,0.0196,0.0166,21.7,0
0.0779,0.1004,0.18510000000000001,0.265,0.26030000000000003,0.1401,0.1431,0.11670000000000001,0.0935,0.036000000000000004,0.030600000000000002,0.0274,196.0,1
0.0623,0.0697,0.0915,0.056100000000000004,0.053700000000000005,0.046400000000000004,0.050100000000000006,0.043500000000000004,0.0468,0.059800000000000006,0.0427,0.039400000000000004,4.85,0
0.091,0.0731,0.07690000000000001,0.048,0.0444,0.0327,0.0363,0.0309,0.0324,0.0811,0.035,0.0285,3.96,0
0.0524,0.0625,0.0966,0.0574,0.0524,0.0341,0.0347,0.031100000000000003,0.0303,0.027200000000000002,0.0263,0.0241,9.91,0
0.0546,0.0621,0.0771,0.0475,0.0477,0.0444,0.0471,0.0408,0.0459,0.0665,0.0385,0.0346,4.25,0
0.0616,0.0845,0.14170000000000002,0.1464,0.1395,0.057,0.0596,0.044500000000000005,0.037000000000000005,0.0204,0.0228,0.020300000000000002,59.2,1
0.019,0.028,0.0361,0.0132,0.011000000000000001,0.0083,0.0105,0.008400000000000001,0.008,0.004,0.004,0.0031000000000000003,2.05,0
0.025900000000000003,0.0309,0.0322,0.014400000000000001,0.0131,0.011300000000000001,0.0114,0.0094,0.009300000000000001,0.0097,0.004,0.0025,1.82,0
0.020300000000000002,0.0291,0.0374,0.015600000000000001,0.0126,0.0088,0.01,0.0077,0.006900000000000001,0.0057,0.0058000000000000005,0.005,2.18,0
0.023200000000000002,0.0324,0.0454,0.018600000000000002,0.0167,0.0106,0.0105,0.0102,0.0105,0.0059,0.006500000000000001,0.0054,2.5,0
0.0188,0.0263,0.037200000000000004,0.0159,0.011300000000000001,0.006,0.006200000000000001,0.0049,0.0049,0.0044,0.0039000000000000003,0.0034000000000000002,4.7,0
0.023,0.031,0.0345,0.0155,0.0135,0.0111,0.0111,0.0099,0.0086,0.0092,0.005200000000000001,0.0048000000000000004,2.55,0
0.0229,0.0358,0.053200000000000004,0.024800000000000003,0.020300000000000002,0.0122,0.012100000000000001,0.010100000000000001,0.009000000000000001,0.0077,0.0091,0.0083,4.09,0
0.0166,0.0262,0.035,0.0118,0.0092,0.0046,0.0058000000000000005,0.0043,0.0031000000000000003,0.0007,0.0028,0.0029000000000000002,1.8,0
0.020200000000000003,0.029,0.0408,0.0181,0.013600000000000001,0.0081,0.0089,0.0071,0.0068000000000000005,0.0029000000000000002,0.0055000000000000005,0.0057,2.5,0
0.0234,0.031900000000000005,0.0449,0.0182,0.0142,0.0091,0.0094,0.008,0.0078000000000000005,0.0054,0.0051,0.0051,1.6,0
0.0111,0.0206,0.0264,0.0102,0.0086,0.0074,0.0078000000000000005,0.0067,0.007,0.00030000000000000003,0.0031000000000000003,0.0027,1.93,0
0.0112,0.019700000000000002,0.0247,0.009000000000000001,0.0078000000000000005,0.0045000000000000005,0.007200000000000001,0.0045000000000000005,0.005,0.002,0.0036000000000000003,0.0028,2.17,0
0.0149,0.020800000000000003,0.031400000000000004,0.0111,0.0089,0.0043,0.0055000000000000005,0.0043,0.0037,0.0028,0.003,0.0032,1.61,0
0.0118,0.0178,0.027,0.009000000000000001,0.006,0.0033,0.0037,0.004,0.0028,0.032100000000000004,0.0025,0.0023,1.16,0
0.011600000000000001,0.0173,0.029900000000000003,0.009600000000000001,0.006200000000000001,0.0039000000000000003,0.0029000000000000002,0.003,0.0022,0.0001,0.0022,0.0017000000000000001,1.6,0
0.0135,0.0187,0.0279,0.008,0.0067,0.0038,0.004200000000000001,0.0034000000000000002,0.0057,0.0015,0.004,0.0025,2.77,0
0.012,0.020800000000000003,0.036000000000000004,0.0125,0.0081,0.0035,0.0043,0.003,0.0027,0.0006000000000000001,0.0032,0.0031000000000000003,2.55,0
0.0132,0.018600000000000002,0.026500000000000003,0.008400000000000001,0.008,0.0056,0.0057,0.005200000000000001,0.006500000000000001,0.0031000000000000003,0.0037,0.0029000000000000002,1.39,0
0.0195,0.027100000000000003,0.039400000000000004,0.0176,0.015600000000000001,0.011600000000000001,0.0119,0.0103,0.0102,0.0067,0.006900000000000001,0.0053,2.54,0
0.0056,0.015700000000000002,0.0195,0.0053,0.0031000000000000003,0.0036000000000000003,0.005,0.0036000000000000003,0.003,0.0001,0.001,0.0011,1.61,0
0.012,0.0281,0.0403,0.017400000000000002,0.0159,0.0094,0.0122,0.016300000000000002,0.012100000000000001,0.0217,0.012,0.0102,4.24,0
0.0094,0.0222,0.031,0.0095,0.0071,0.0045000000000000005,0.0061,0.0051,0.0036000000000000003,0.0019,0.0022,0.0012000000000000001,3.08,0
0.034,0.039,0.0431,0.0219,0.020200000000000003,0.0195,0.0194,0.0188,0.02,0.0551,0.0188,0.0181,1.89,0
0.024800000000000003,0.035300000000000005,0.041,0.0158,0.0142,0.0103,0.010100000000000001,0.0092,0.0109,0.0145,0.0055000000000000005,0.004,2.37,0
0.0099,0.0224,0.0318,0.0109,0.007,0.004200000000000001,0.0057,0.005200000000000001,0.004,0.0019,0.0038,0.0029000000000000002,1.02,0
0.014,0.0223,0.027600000000000003,0.0102,0.0083,0.006500000000000001,0.008,0.007500000000000001,0.0074,0.007500000000000001,0.0044,0.0036000000000000003,6.22,0
0.0128,0.022000000000000002,0.0273,0.0091,0.006900000000000001,0.0051,0.0068000000000000005,0.0068000000000000005,0.0057,0.0049,0.0034000000000000002,0.003,0.72,0
0.0137,0.0298,0.043000000000000003,0.015700000000000002,0.011000000000000001,0.0056,0.0059,0.0051,0.0043,0.0037,0.0026000000000000003,0.0026000000000000003,1.61,0
0.013600000000000001,0.027800000000000002,0.041800000000000004,0.015700000000000002,0.0108,0.0061,0.0068000000000000005,0.0059,0.0046,0.0027,0.0028,0.0017000000000000001,1.7,0
0.0148,0.029500000000000002,0.0473,0.0175,0.0125,0.006,0.0066,0.006200000000000001,0.005200000000000001,0.0023,0.0027,0.0018000000000000002,1.88,0
0.0135,0.029500000000000002,0.046,0.016900000000000002,0.010400000000000001,0.0037,0.006500000000000001,0.005,0.0031000000000000003,0.0014,0.0021000000000000003,0.0023,1.91,0
0.014700000000000001,0.0239,0.0329,0.0106,0.0086,0.0056,0.0063,0.006200000000000001,0.0061,0.0054,0.0033,0.0028,0.88,0
0.0188,0.0285,0.0375,0.014,0.0099,0.007,0.0077,0.007200000000000001,0.0046,0.0068000000000000005,0.0045000000000000005,0.0035,0.98,0
0.0257,0.037200000000000004,0.051800000000000006,0.0204,0.014700000000000001,0.0081,0.0081,0.0071,0.0071,0.0056,0.0033,0.0035,2.04,0
0.0204,0.036000000000000004,0.0517,0.020200000000000003,0.015700000000000002,0.0081,0.0099,0.0083,0.007500000000000001,0.0074,0.0045000000000000005,0.003,2.21,0
0.0323,0.0471,0.0775,0.043000000000000003,0.027700000000000002,0.0119,0.0125,0.010700000000000001,0.0091,0.0056,0.0037,0.0022,6.27,0
0.0159,0.031200000000000002,0.0477,0.0165,0.0117,0.0066,0.005200000000000001,0.0063,0.0047,0.003,0.0031000000000000003,0.0018000000000000002,1.84,0
0.013000000000000001,0.0201,0.0347,0.0112,0.006500000000000001,0.0037,0.0046,0.0047,0.0046,0.0007,0.0012000000000000001,0.0008,3.26,0
0.020300000000000002,0.0286,0.051300000000000005,0.019700000000000002,0.011000000000000001,0.004,0.0025,0.003,0.0039000000000000003,0.032100000000000004,0.0017000000000000001,0.0005,0.8,0
0.0131,0.0236,0.037700000000000004,0.014700000000000001,0.0095,0.0059,0.0048000000000000004,0.0051,0.005,0.0011,0.002,0.0018000000000000002,1.53,0
0.0171,0.0291,0.049800000000000004,0.0194,0.0118,0.0038,0.004200000000000001,0.0044,0.0017000000000000001,0.0002,0.0013000000000000002,0.0001,0.4,0
0.012100000000000001,0.0195,0.0328,0.0098,0.0076,0.0031000000000000003,0.0041,0.004,0.0019,0.0004,0.0007,0.0006000000000000001,2.51,0
0.0182,0.0285,0.0512,0.020200000000000003,0.0137,0.0053,0.0054,0.005200000000000001,0.006200000000000001,0.0022,0.0025,0.002,0.3,0
0.0094,0.014700000000000001,0.031100000000000003,0.0115,0.008700000000000001,0.0038,0.0046,0.0034000000000000002,0.0022,0.0001,0.0018000000000000002,0.001,1.67,0
0.0334,0.0425,0.0785,0.0395,0.024800000000000003,0.0082,0.0083,0.006500000000000001,0.0049,0.00030000000000000003,0.0004,0.0006000000000000001,13.1,0
0.021400000000000002,0.028800000000000003,0.0507,0.019,0.0119,0.0029000000000000002,0.005200000000000001,0.004,0.003,0.0001,0.0012000000000000001,0.0017000000000000001,0.9,0
0.0159,0.0189,0.031100000000000003,0.010100000000000001,0.0068000000000000005,0.0028,0.0047,0.004,0.0033,0.0006000000000000001,0.0002,0.0001,6.44,0
0.0403,0.0308,0.0482,0.0246,0.0236,0.025400000000000002,0.037700000000000004,0.0135,0.0415,0.10880000000000001,0.0194,0.0317,2.55,0
0.021500000000000002,0.032100000000000004,0.0465,0.021400000000000002,0.0176,0.01,0.013000000000000001,0.009000000000000001,0.0095,0.0005,0.0031000000000000003,0.0024000000000000002,6.79,0
0.030100000000000002,0.0329,0.063,0.0317,0.030500000000000003,0.0221,0.0198,0.0162,0.0161,0.0646,0.015700000000000002,0.0092,1.98,0
0.0285,0.041600000000000005,0.0574,0.029500000000000002,0.0264,0.0217,0.024,0.0155,0.018000000000000002,0.013000000000000001,0.0122,0.0078000000000000005,2.91,0
0.0241,0.0341,0.0454,0.0193,0.016,0.0108,0.0097,0.008,0.0073,0.0008,0.003,0.0026000000000000003,3.09,0
0.016800000000000002,0.027700000000000002,0.041600000000000005,0.019100000000000002,0.016,0.0066,0.008700000000000001,0.006200000000000001,0.0046,0.0001,0.0032,0.0024000000000000002,11.3,0
0.06420000000000001,0.052500000000000005,0.0658,0.051500000000000004,0.058,0.061500000000000006,0.0713,0.028800000000000003,0.0806,0.2069,0.0516,0.0611,3.09,0
0.0218,0.0332,0.0495,0.0201,0.017,0.010400000000000001,0.0112,0.007500000000000001,0.0074,0.0001,0.0021000000000000003,0.0022,1.31,0
0.0463,0.0631,0.117,0.09770000000000001,0.08030000000000001,0.0263,0.026600000000000002,0.0188,0.0146,0.0004,0.0055000000000000005,0.004200000000000001,33.7,1
0.0236,0.0261,0.0442,0.0165,0.012700000000000001,0.0058000000000000005,0.0078000000000000005,0.0055000000000000005,0.0063,0.0038,0.0018000000000000002,0.0008,5.17,0
0.027100000000000003,0.034,0.060200000000000004,0.0256,0.019200000000000002,0.0079,0.0086,0.006500000000000001,0.0051,0.0016,0.0018000000000000002,0.002,9.0,0
0.026000000000000002,0.027600000000000003,0.0358,0.0115,0.0086,0.0071,0.006900000000000001,0.0054,0.0063,0.0028,0.0026000000000000003,0.0021000000000000003,1.8,0
0.041100000000000005,0.055900000000000005,0.10940000000000001,0.08020000000000001,0.0639,0.019700000000000002,0.019,0.0143,0.0091,0.0001,0.0029000000000000002,0.0013000000000000002,21.2,0
0.0361,0.0471,0.0888,0.0509,0.0385,0.0132,0.013000000000000001,0.010100000000000001,0.0078000000000000005,0.032100000000000004,0.0023,0.0018000000000000002,16.2,0
0.025500000000000002,0.0327,0.0613,0.0258,0.0194,0.009600000000000001,0.011000000000000001,0.007500000000000001,0.0064,0.0045000000000000005,0.0019,0.0011,9.89,0
0.0477,0.0626,0.12250000000000001,0.10880000000000001,0.0907,0.029400000000000003,0.029,0.0227,0.017,0.006900000000000001,0.0067,0.0049,43.2,1
0.0316,0.0439,0.0656,0.0307,0.0238,0.0125,0.013000000000000001,0.0098,0.0094,0.008,0.0029000000000000002,0.0032,6.59,0
0.0419,0.0582,0.0918,0.0487,0.0368,0.013900000000000001,0.0146,0.0102,0.0081,0.004200000000000001,0.0032,0.0032,9.22,0
0.0413,0.0504,0.0729,0.0345,0.029400000000000003,0.0164,0.0236,0.0112,0.0258,0.052700000000000004,0.0103,0.0151,5.4,0
0.0502,0.0592,0.0971,0.057600000000000005,0.0473,0.021500000000000002,0.0245,0.015300000000000001,0.0229,0.1158,0.014400000000000001,0.0159,9.8,0
0.0431,0.061500000000000006,0.1076,0.06960000000000001,0.054400000000000004,0.0182,0.0189,0.0137,0.0128,0.0161,0.006200000000000001,0.0051,11.5,0
0.024900000000000002,0.0327,0.043500000000000004,0.019,0.0167,0.0143,0.0158,0.0129,0.0126,0.0224,0.0073,0.0049,4.42,0
0.0223,0.031400000000000004,0.0414,0.0159,0.014400000000000001,0.0114,0.012700000000000001,0.0109,0.010100000000000001,0.018500000000000003,0.007500000000000001,0.0063,2.43,0
0.020900000000000002,0.027600000000000003,0.0341,0.0142,0.012400000000000001,0.0114,0.0126,0.0108,0.0114,0.018600000000000002,0.006900000000000001,0.005200000000000001,2.12,0
0.1356,0.0988,0.111,0.0874,0.0931,0.0887,0.09480000000000001,0.0828,0.1091,0.44820000000000004,0.08990000000000001,0.0978,2.69,0
0.042,0.0574,0.10490000000000001,0.0751,0.0635,0.019100000000000002,0.0196,0.0135,0.010700000000000001,0.0049,0.0039000000000000003,0.0027,18.7,0
0.041800000000000004,0.0585,0.0859,0.051000000000000004,0.041,0.0245,0.0252,0.0229,0.0206,0.019200000000000002,0.0159,0.012100000000000001,0.3,0
0.0596,0.0654,0.09960000000000001,0.0506,0.0396,0.0173,0.0171,0.0143,0.012100000000000001,0.0074,0.0102,0.0105,3.23,0
0.0702,0.07200000000000001,0.0901,0.0388,0.029900000000000003,0.0193,0.0193,0.0149,0.016300000000000002,0.0201,0.01,0.0092,8.7,0
0.062200000000000005,0.0713,0.11670000000000001,0.07970000000000001,0.061900000000000004,0.019,0.0179,0.012400000000000001,0.0097,0.0031000000000000003,0.0082,0.0067,1.9,0
0.0477,0.0504,0.0729,0.031900000000000005,0.027,0.016800000000000002,0.017,0.013800000000000002,0.014,0.0105,0.010400000000000001,0.008,2.93,0
0.0212,0.0279,0.0359,0.0162,0.0102,0.0001,0.0001,0.0001,0.0001,0.0002,0.0046,0.0049,5.26,0
0.0347,0.0437,0.058800000000000005,0.0267,0.020300000000000002,0.0117,0.0118,0.009000000000000001,0.0081,0.0103,0.0089,0.008400000000000001,4.26,0
0.0256,0.0342,0.046900000000000004,0.026000000000000002,0.0189,0.0094,0.0103,0.0089,0.0079,0.0045000000000000005,0.007,0.0063,4.98,0
0.0316,0.0368,0.0594,0.0362,0.0347,0.015000000000000001,0.0166,0.012,0.013300000000000001,0.0154,0.0134,0.012400000000000001,13.3,0
0.0327,0.0381,0.0584,0.0317,0.026600000000000002,0.0159,0.018000000000000002,0.0154,0.0151,0.0131,0.018500000000000003,0.0151,4.8,0
0.035,0.0417,0.0431,0.0247,0.0227,0.0189,0.020200000000000003,0.018500000000000003,0.016800000000000002,0.0155,0.012,0.008400000000000001,0.2,0
0.033100000000000004,0.039900000000000005,0.0523,0.024300000000000002,0.0224,0.0158,0.016,0.0146,0.0148,0.014400000000000001,0.009300000000000001,0.0068000000000000005,1.06,0
0.0322,0.047400000000000005,0.062,0.035500000000000004,0.028900000000000002,0.018600000000000002,0.0211,0.020200000000000003,0.017,0.0112,0.0176,0.015700000000000002,3.99,0
0.0391,0.048,0.06420000000000001,0.036500000000000005,0.031900000000000005,0.024,0.0241,0.0196,0.0217,0.0182,0.0196,0.019200000000000002,3.71,0
0.028800000000000003,0.033800000000000004,0.0347,0.0171,0.0152,0.0125,0.0135,0.010400000000000001,0.0114,0.0109,0.0053,0.0048000000000000004,0.65,0
0.0313,0.0368,0.0379,0.0196,0.0173,0.0146,0.0154,0.0137,0.013600000000000001,0.0145,0.0085,0.0079,0.24,0
0.029300000000000003,0.0339,0.0357,0.0171,0.015700000000000002,0.0129,0.0134,0.0109,0.0109,0.011300000000000001,0.0061,0.0051,0.32,0
0.038200000000000005,0.049600000000000005,0.0661,0.033,0.0286,0.02,0.021400000000000002,0.0176,0.0182,0.014400000000000001,0.0164,0.0148,0.53,0
0.0298,0.037000000000000005,0.0442,0.0198,0.0173,0.013000000000000001,0.0142,0.0117,0.0112,0.0103,0.0057,0.0039000000000000003,0.53,0
0.0308,0.039400000000000004,0.052000000000000005,0.0253,0.022600000000000002,0.0151,0.0175,0.015700000000000002,0.0145,0.0129,0.0131,0.011300000000000001,1.11,0
0.030100000000000002,0.0378,0.0521,0.021400000000000002,0.016300000000000002,0.011000000000000001,0.0109,0.009000000000000001,0.008700000000000001,0.006200000000000001,0.0056,0.004,1.08,0
0.0442,0.053500000000000006,0.0689,0.037200000000000004,0.033800000000000004,0.0261,0.027200000000000002,0.0227,0.025500000000000002,0.0205,0.0219,0.0206,1.11,0
0.0341,0.046900000000000004,0.0601,0.0281,0.023,0.0162,0.017,0.0146,0.0145,0.0102,0.0105,0.008400000000000001,1.04,0
0.0313,0.041600000000000005,0.056900000000000006,0.024200000000000003,0.019700000000000002,0.0131,0.0129,0.011300000000000001,0.0097,0.0068000000000000005,0.0061,0.0035,1.1,0
0.030500000000000003,0.038200000000000005,0.0477,0.020900000000000002,0.0198,0.013300000000000001,0.0162,0.0117,0.0126,0.0122,0.0056,0.005,1.08,0
0.031100000000000003,0.0405,0.053200000000000004,0.0244,0.0216,0.014100000000000001,0.014,0.0134,0.0111,0.0095,0.007200000000000001,0.006,4.33,0
0.0344,0.042800000000000005,0.0541,0.0262,0.024300000000000002,0.0189,0.0195,0.017400000000000002,0.017,0.014400000000000001,0.0102,0.0082,5.61,0
0.032600000000000004,0.044000000000000004,0.0596,0.0281,0.0218,0.010400000000000001,0.0126,0.0091,0.008400000000000001,0.009300000000000001,0.0083,0.006900000000000001,4.79,0
0.0334,0.038,0.0393,0.0211,0.0198,0.0172,0.017400000000000002,0.0151,0.0142,0.0119,0.0077,0.0054,2.88,0
0.061200000000000004,0.06380000000000001,0.08360000000000001,0.056400000000000006,0.054200000000000005,0.046900000000000004,0.0485,0.0425,0.0398,0.0431,0.0179,0.0122,5.7,0
0.0339,0.043300000000000005,0.059000000000000004,0.031900000000000005,0.028300000000000002,0.019,0.0196,0.0165,0.014700000000000001,0.0128,0.0106,0.0083,3.62,0
0.0251,0.0345,0.0585,0.0228,0.014700000000000001,0.0035,0.0044,0.0028,0.0021000000000000003,0.0005,0.0047,0.0047,3.34,0
0.0245,0.034800000000000005,0.0521,0.023,0.016900000000000002,0.009000000000000001,0.0108,0.0086,0.0079,0.0038,0.0055000000000000005,0.0045000000000000005,3.45,0
0.015000000000000001,0.02,0.0317,0.0114,0.0079,0.0032,0.0033,0.0031000000000000003,0.0036000000000000003,0.0001,0.0031000000000000003,0.0023,4.39,0
0.0227,0.0333,0.058300000000000005,0.0227,0.013800000000000002,0.0044,0.0038,0.0025,0.0014,0.0001,0.0037,0.0036000000000000003,12.4,0
0.0245,0.0325,0.0551,0.0219,0.014,0.0034000000000000002,0.004,0.0033,0.0016,0.0002,0.0045000000000000005,0.0038,7.0,0
0.013900000000000001,0.0212,0.0398,0.021,0.0151,0.0033,0.0039000000000000003,0.0033,0.0026000000000000003,0.032100000000000004,0.0047,0.0048000000000000004,7.71,0
0.0198,0.0223,0.0309,0.0126,0.0089,0.0063,0.0064,0.0063,0.0066,0.0017000000000000001,0.0025,0.0018000000000000002,5.9,0
0.0236,0.0334,0.042800000000000005,0.017400000000000002,0.0154,0.011600000000000001,0.0128,0.0115,0.011000000000000001,0.0074,0.007500000000000001,0.006,3.31,0
0.0194,0.032600000000000004,0.050800000000000005,0.0264,0.0179,0.0076,0.0086,0.007500000000000001,0.0067,0.0038,0.0054,0.004200000000000001,6.14,0
0.0235,0.0376,0.0545,0.0227,0.0183,0.0099,0.0108,0.008400000000000001,0.007200000000000001,0.0034000000000000002,0.0049,0.0037,4.52,0
0.025900000000000003,0.0392,0.059300000000000005,0.026600000000000002,0.0196,0.0089,0.0105,0.008700000000000001,0.007200000000000001,0.0043,0.0051,0.004,4.33,0
0.030100000000000002,0.036500000000000005,0.0354,0.0204,0.0205,0.0166,0.0179,0.015700000000000002,0.0151,0.0135,0.009300000000000001,0.007200000000000001,0.3,0
0.0269,0.0349,0.0392,0.019700000000000002,0.017400000000000002,0.015300000000000001,0.0148,0.013800000000000002,0.0126,0.0102,0.0081,0.0058000000000000005,3.14,0
0.0222,0.0327,0.0443,0.018000000000000002,0.015000000000000001,0.009000000000000001,0.0097,0.0095,0.0079,0.004,0.004200000000000001,0.0026000000000000003,2.59,0
0.0434,0.0432,0.0459,0.0292,0.0291,0.0263,0.0268,0.023200000000000002,0.0236,0.0258,0.010100000000000001,0.0046,0.5,0
0.0454,0.050300000000000004,0.0658,0.044700000000000004,0.0465,0.045000000000000005,0.0431,0.0388,0.039400000000000004,0.038,0.016800000000000002,0.010100000000000001,4.28,0
0.0521,0.051800000000000006,0.0646,0.041600000000000005,0.0393,0.0379,0.0366,0.0322,0.0341,0.0349,0.0126,0.007,2.56,0
0.048600000000000004,0.0526,0.0651,0.041,0.043300000000000005,0.0391,0.038700000000000005,0.0341,0.0342,0.0333,0.0131,0.0079,2.55,0
0.0443,0.0448,0.054900000000000004,0.0344,0.0344,0.036000000000000004,0.037000000000000005,0.0329,0.0322,0.0316,0.011600000000000001,0.006900000000000001,2.0,0
0.0852,0.06570000000000001,0.0499,0.0344,0.0287,0.0233,0.0308,0.023100000000000002,0.0217,0.0693,0.023,0.0196,0.3,0
0.033600000000000005,0.0487,0.069,0.0361,0.0284,0.013800000000000002,0.0154,0.0108,0.011000000000000001,0.0051,0.009000000000000001,0.009300000000000001,11.7,0
0.0195,0.0241,0.021400000000000002,0.0105,0.0074,0.0068000000000000005,0.0078000000000000005,0.006500000000000001,0.0067,0.0038,0.006900000000000001,0.006500000000000001,1.96,0
0.0262,0.0304,0.0346,0.013800000000000002,0.0105,0.006,0.0068000000000000005,0.006,0.0049,0.0037,0.005,0.0041,1.91,0
0.0131,0.017400000000000002,0.026500000000000003,0.0086,0.0077,0.003,0.004200000000000001,0.003,0.0035,0.0001,0.0022,0.0024000000000000002,2.21,0
0.017400000000000002,0.0233,0.0443,0.0179,0.0146,0.0054,0.0056,0.004,0.0041,0.001,0.0036000000000000003,0.0034000000000000002,5.37,0
0.0173,0.0177,0.023200000000000002,0.0082,0.0067,0.0041,0.0035,0.0025,0.0028,0.0014,0.0009000000000000001,0.0014,0.6,0
0.0175,0.024,0.0409,0.0187,0.015300000000000001,0.0055000000000000005,0.0061,0.004200000000000001,0.0026000000000000003,0.0009000000000000001,0.004200000000000001,0.0045000000000000005,3.44,0
0.0177,0.017,0.0256,0.0094,0.0078000000000000005,0.0041,0.0056,0.0044,0.0039000000000000003,0.0017000000000000001,0.0025,0.0009000000000000001,2.29,0
0.027800000000000002,0.0345,0.0511,0.031,0.030500000000000003,0.025500000000000002,0.025500000000000002,0.0246,0.024300000000000002,0.0426,0.0195,0.015000000000000001,3.8,0
0.0332,0.0342,0.0395,0.0234,0.0234,0.023,0.0223,0.023100000000000002,0.022600000000000002,0.047,0.0178,0.0145,0.3,0
0.0268,0.031900000000000005,0.049100000000000005,0.029900000000000003,0.036000000000000004,0.032,0.0284,0.027200000000000002,0.0258,0.046200000000000005,0.0207,0.0165,6.57,0
0.017,0.021,0.0287,0.016,0.0161,0.014100000000000001,0.0167,0.0149,0.0178,0.031900000000000005,0.013800000000000002,0.0115,1.68,0
0.0129,0.0279,0.0391,0.013600000000000001,0.011000000000000001,0.006500000000000001,0.007500000000000001,0.0053,0.0053,0.0043,0.0082,0.0078000000000000005,5.2,0
0.013600000000000001,0.027,0.0368,0.011300000000000001,0.0094,0.0053,0.0066,0.0049,0.005,0.0007,0.0037,0.0032,5.0,0
0.014700000000000001,0.0227,0.025500000000000002,0.0083,0.0078000000000000005,0.0044,0.006,0.0046,0.0054,0.002,0.003,0.0024000000000000002,0.5,0
0.013900000000000001,0.025,0.030600000000000002,0.0102,0.0074,0.0035,0.0047,0.0036000000000000003,0.0021000000000000003,0.0001,0.0043,0.0034000000000000002,2.31,0
0.0142,0.0269,0.0439,0.0184,0.017400000000000002,0.0078000000000000005,0.008400000000000001,0.006200000000000001,0.0047,0.0019,0.0035,0.0031000000000000003,2.3,0
0.0167,0.027700000000000002,0.0422,0.0222,0.021500000000000002,0.0114,0.0123,0.0081,0.012100000000000001,0.0159,0.013600000000000001,0.015300000000000001,5.3,0
0.007,0.016,0.0173,0.006500000000000001,0.006,0.0047,0.004,0.004200000000000001,0.0043,0.003,0.0028,0.0022,1.88,0
0.0193,0.0279,0.041100000000000005,0.0178,0.013900000000000001,0.012400000000000001,0.0117,0.01,0.0102,0.0111,0.0082,0.0073,4.8,0
0.0112,0.017,0.026500000000000003,0.009600000000000001,0.0088,0.0059,0.004,0.0049,0.0043,0.0024000000000000002,0.0047,0.004,2.4,0
0.033,0.0296,0.0393,0.0244,0.0247,0.023200000000000002,0.0238,0.0218,0.022500000000000003,0.042800000000000005,0.0198,0.019100000000000002,0.8,0
0.0151,0.0292,0.0397,0.019700000000000002,0.021,0.0143,0.0158,0.0126,0.0126,0.002,0.0055000000000000005,0.0046,5.58,0
0.033100000000000004,0.0398,0.0386,0.020900000000000002,0.0194,0.016,0.0182,0.021500000000000002,0.0173,0.030500000000000003,0.0115,0.0119,2.14,0
0.0207,0.0307,0.038400000000000004,0.0206,0.0195,0.0195,0.020800000000000003,0.0176,0.019100000000000002,0.0263,0.0134,0.0106,3.5,0
0.013000000000000001,0.025400000000000002,0.0374,0.018600000000000002,0.0189,0.0099,0.0117,0.009000000000000001,0.0076,0.003,0.006200000000000001,0.0048000000000000004,5.24,0
0.0095,0.018500000000000003,0.0317,0.0106,0.006,0.0019,0.0031000000000000003,0.0024000000000000002,0.0012000000000000001,0.0002,0.0024000000000000002,0.0023,4.6,0
0.015700000000000002,0.0167,0.0263,0.0091,0.0063,0.0044,0.004200000000000001,0.0041,0.0048000000000000004,0.0002,0.0012000000000000001,0.0006000000000000001,2.06,0
0.0189,0.021500000000000002,0.029500000000000002,0.0122,0.008400000000000001,0.0051,0.0053,0.0048000000000000004,0.0045000000000000005,0.0016,0.0023,0.0014,0.8,0
0.0123,0.0211,0.033600000000000005,0.0108,0.0058000000000000005,0.003,0.004,0.0037,0.0037,0.0001,0.0012000000000000001,0.0013000000000000002,5.1,0
0.0111,0.016900000000000002,0.025900000000000003,0.008700000000000001,0.0073,0.0028,0.0024000000000000002,0.0027,0.0028,0.0001,0.0017000000000000001,0.0016,2.22,0
0.012100000000000001,0.0173,0.0316,0.0148,0.012400000000000001,0.0029000000000000002,0.0033,0.0027,0.0017000000000000001,0.032100000000000004,0.0021000000000000003,0.0012000000000000001,4.42,0
0.0112,0.0134,0.028900000000000002,0.013900000000000001,0.0099,0.0021000000000000003,0.0029000000000000002,0.0023,0.0035,0.0001,0.0014,0.0016,8.49,0
0.015700000000000002,0.0268,0.0333,0.015600000000000001,0.0148,0.0108,0.0125,0.0114,0.0122,0.016300000000000002,0.0095,0.0077,4.4,0
0.016300000000000002,0.0267,0.0339,0.0148,0.0108,0.007,0.0068000000000000005,0.0053,0.0045000000000000005,0.00030000000000000003,0.0026000000000000003,0.002,1.1,0
0.013300000000000001,0.02,0.020300000000000002,0.0078000000000000005,0.008700000000000001,0.0059,0.0085,0.006900000000000001,0.006200000000000001,0.0082,0.0041,0.0045000000000000005,1.56,0
0.0132,0.022000000000000002,0.027,0.013300000000000001,0.0115,0.011000000000000001,0.0125,0.0122,0.0119,0.0176,0.0094,0.0081,1.56,0
0.0173,0.022500000000000003,0.0351,0.0132,0.0092,0.0031000000000000003,0.0055000000000000005,0.003,0.0041,0.032100000000000004,0.00030000000000000003,0.0021000000000000003,2.8,0
0.0085,0.0164,0.029900000000000003,0.0126,0.011000000000000001,0.006200000000000001,0.0082,0.0047,0.0055000000000000005,0.0043,0.0044,0.0037,4.9,0
0.0082,0.0172,0.021500000000000002,0.007,0.0045000000000000005,0.0027,0.0035,0.003,0.0023,0.0001,0.0017000000000000001,0.0008,2.45,0
0.004,0.015300000000000001,0.021,0.0058000000000000005,0.0021000000000000003,0.0012000000000000001,0.0021000000000000003,0.0018000000000000002,0.002,0.0001,0.0013000000000000002,0.0004,2.23,0
0.0091,0.020900000000000002,0.032600000000000004,0.0135,0.012100000000000001,0.0049,0.0063,0.0053,0.0048000000000000004,0.032100000000000004,0.0038,0.0031000000000000003,5.76,0
0.015700000000000002,0.0179,0.0297,0.014100000000000001,0.0109,0.006200000000000001,0.0054,0.005,0.0048000000000000004,0.0029000000000000002,0.0036000000000000003,0.0028,1.6,0
0.0079,0.0164,0.0247,0.0108,0.0078000000000000005,0.0032,0.0045000000000000005,0.0027,0.0032,0.0004,0.002,0.0022,1.4,0
0.010400000000000001,0.0123,0.022600000000000002,0.0095,0.0079,0.0022,0.0028,0.0016,0.0017000000000000001,0.00030000000000000003,0.0023,0.0014,1.6,0
0.019,0.020900000000000002,0.031400000000000004,0.013800000000000002,0.0109,0.0056,0.005200000000000001,0.005200000000000001,0.0035,0.0024000000000000002,0.002,0.0005,2.68,0
0.0079,0.020300000000000002,0.033100000000000004,0.0128,0.007500000000000001,0.0011,0.0029000000000000002,0.003,0.0016,0.032100000000000004,0.0023,0.0024000000000000002,5.53,0
0.0088,0.016300000000000002,0.0256,0.0122,0.0095,0.0046,0.007200000000000001,0.0055000000000000005,0.006,0.0076,0.0049,0.0035,2.8,0
0.010700000000000001,0.023,0.0362,0.013300000000000001,0.0085,0.0043,0.0049,0.005,0.0047,0.0017000000000000001,0.002,0.0024000000000000002,5.17,0
0.009000000000000001,0.0126,0.0229,0.011600000000000001,0.010100000000000001,0.0077,0.0067,0.0071,0.0063,0.0001,0.0044,0.0033,2.4,0
0.021500000000000002,0.0234,0.0323,0.012400000000000001,0.0081,0.0064,0.0068000000000000005,0.0049,0.0058000000000000005,0.0014,0.0021000000000000003,0.0005,2.2,0
0.0119,0.0125,0.021500000000000002,0.0119,0.0088,0.0058000000000000005,0.006,0.0051,0.0064,0.004,0.0031000000000000003,0.0041,2.1,0
0.0119,0.0188,0.0221,0.0125,0.0118,0.0067,0.008400000000000001,0.0057,0.006,0.0037,0.0036000000000000003,0.0022,3.1,0
0.0155,0.0129,0.0198,0.012700000000000001,0.0109,0.0081,0.0077,0.0058000000000000005,0.0079,0.008400000000000001,0.004,0.0035,3.0,0
0.0176,0.024800000000000003,0.0367,0.013900000000000001,0.0103,0.007,0.0058000000000000005,0.0054,0.0029000000000000002,0.0002,0.0025,0.0025,4.42,0
0.0175,0.027200000000000002,0.0455,0.0175,0.0131,0.0063,0.006,0.0055000000000000005,0.0049,0.0022,0.003,0.0033,3.75,0
0.015600000000000001,0.017400000000000002,0.0297,0.0132,0.011600000000000001,0.007,0.0074,0.0045000000000000005,0.0058000000000000005,0.0034000000000000002,0.004200000000000001,0.002,3.4,0
0.0122,0.023,0.0327,0.012400000000000001,0.0111,0.0074,0.0095,0.0067,0.0061,0.0023,0.003,0.002,0.3,0
0.007,0.0176,0.0307,0.011300000000000001,0.0092,0.0061,0.006900000000000001,0.0063,0.005,0.00030000000000000003,0.0027,0.0018000000000000002,3.58,0
0.0098,0.0189,0.0307,0.013300000000000001,0.0105,0.0059,0.0068000000000000005,0.0053,0.006200000000000001,0.0008,0.0038,0.0028,2.2,0
0.024,0.0236,0.039400000000000004,0.0142,0.0131,0.0099,0.0089,0.006500000000000001,0.0063,0.0036000000000000003,0.0024000000000000002,0.001,2.6,0
0.0188,0.0221,0.0392,0.0142,0.0123,0.0074,0.008,0.0048000000000000004,0.006200000000000001,0.0002,0.0024000000000000002,0.0015,3.3,0
0.0223,0.022000000000000002,0.035500000000000004,0.015700000000000002,0.0145,0.0092,0.0092,0.0068000000000000005,0.0074,0.0049,0.004200000000000001,0.0037,4.86,0
0.0206,0.023100000000000002,0.0371,0.0158,0.0152,0.008400000000000001,0.009000000000000001,0.0056,0.0073,0.0001,0.0043,0.0032,5.29,0
0.022000000000000002,0.0291,0.034300000000000004,0.013000000000000001,0.0122,0.0089,0.0089,0.0078000000000000005,0.007200000000000001,0.0027,0.0029000000000000002,0.0028,2.0,0
0.012400000000000001,0.0213,0.0337,0.0122,0.008700000000000001,0.0026000000000000003,0.005,0.0026000000000000003,0.0028,0.032100000000000004,0.0025,0.002,4.88,0
0.0189,0.0195,0.0324,0.014100000000000001,0.0125,0.0073,0.007,0.005200000000000001,0.006200000000000001,0.007200000000000001,0.0038,0.0025,4.31,0
0.0344,0.0386,0.06570000000000001,0.0332,0.0262,0.0135,0.0134,0.011000000000000001,0.010100000000000001,0.013900000000000001,0.0047,0.0035,8.53,0
